9 - واتفقا الجانبان أيضا على عقد اجتماعات مبكرة للأفرقة العاملة التقنية التابعة للجنة المشتركة والمعنية بالزراعة، والصحة، والعلم والتكنولوجيا، والإعلام، والتعليم، وتكنولوجيا المعلومات والاتصالات اللاسلكية، والبيئة والسياحة كي يتسنى لهذه الأفرقة تقديم تقاريرها إلى اللجنة المشتركة.	Both sides also agreed to hold early meetings of the technical-level working groups of the Joint Commission on agriculture, health, science and technology, information, education, information technology and telecommunication, environment and tourism so that they can report on their progress to the Joint Commission.
www.un.org/Docs/journal/En/lateste.pdf	ll,,l,l,ll
الرئيسة (تكلمت بالإنكليزية): لا يوجد متكلمون آخرون مسجّلون في قائمتي.	The President: There are no further speakers inscribed on my list.
على أن هنغاريا أقرت بأنه لم يوجد هناك أساس تقيم عليه المحكمة اختصاصها للنظر في الطلب.	However, Hungary acknowledged that there was no basis on which the Court could found its jurisdiction to consider the application.
ويتخذ تكييف القانون النموذجي شكل قانون جديد (بالنسبة إلى تلك البلدان التي لم تكن لديها تشريعات لمكافحة الإرهاب) أو قانون ”يسد الثغرات“ فيما يخص البلدان التي لديها تشريعات لمكافحة الإرهاب.	The adaptation of the Model Law takes the form of a new bill (for those countries that did not have counter-terrorism legislation) or a “gap-filling” bill for those that have counter-terrorism legislation.
المرفق لمقرر اتفاقية استكهولم - 2/7	Annex to decision SC-2/7
12- بلغ مجموع ساعات الاتصال المخصصة للتدريس من خلال المحاضرات ومن خلال التجارب في الدورة الثانية 300 ساعة لكل منهما (انظر المرفق الثاني).	The total contact hours for instruction through lectures and through experiments were 300 hours each in the second course (see annex II).
وشددت على الدور النشط والمستمر الذي تؤديه أمانة الأونكتاد فيما يتعلق بتكنولوجيا المعلومات والاتصالات والتجارة الإلكترونية، فأشادت بعمل الأمانة في مجال تحليل السياسات العامة كما يتجسد في تقرير الأونكتاد عن التجارة الإلكترونية والتنمية لعام 2002.	She stressed the continuing active role played by the UNCTAD secretariat regarding ICT and e-commerce and praised the secretariat\'s policy analysis work as embodied in the E-Commerce and Development Report 2002.
13 - ويضطلع مجلس النهوض بالقوميات والشعوب الأصلية في إكوادور برئاسة اللجنة الوطنية للإحصاءات بشأن أبناء الشعوب الأصلية والمنحدرين من أصل أفريقيا في إكوادور التي تضم المعهد الوطني للإحصاء والتعدادات، وصندوق الأمم المتحدة للسكان، ومجلس النهوض بسكان إكوادور ذوي الأصل الأفريقي، ومجلس النهوض بالقوميات والشعوب الأصلية في إكوادور في تحالف استراتيجي مع أكثر من 15 مؤسسة تقدم في سياق أنشطتها بشأن السكان معلومات لم تكن قد صنفت حسب الشعوب الأصلية.	CODENPE chairs the National Statistical Commission for Indigenous and Afro-Ecuadorian Peoples, which is composed of the National Statistics and Census Institute, the United Nations Population Fund and the Afro-Ecuadorian Development Council and works in strategic partnership with over 15 bodies whose activities generate population data that have not been disaggregated by indigenous population.
41- تُقدّم تقارير نتائج الاستعراض إلى المؤتمر لكي ينظر فيها.	The review outcome reports shall be submitted to the Conference for its consideration.
وكان هذان الإجراءان سيسمحان بالتعاقد للحصول على خدمات مراجعة الحسابات للمكاتب القطرية كل سنتين إلى جانب توفير دعم لجميع المكاتب القطرية من مراكز خدمات مراجعة الحسابات الإقليمية.	These two actions would have provided for contracted audits of country offices every two years and support to all country offices from regional audit service centres.
الجزء الثاني - تضمنت أعمال الجمعية أيضا أثناء الفترة المشمولة بالتقرير التعاون مع منظمات الأمم المتحدة وتعزيز الأهداف الإنمائية للألفية، وبخاصة الهدف 4 (تخفيض معدلات وفيات الأطفال) والهدف 7 (كفالة الاستدامة البيئية):	Part II: ISDE work during the report period also involved collaborating with United Nations organizations and advancing the Millennium Development Goals, primarily Goal 4 (reduce child mortality) and Goal 7 (ensure environmental sustainability):
اتفاقية حقوق المرأة السياسية، 1953، التي تمت المصادقة عليها في 27 تشرين الأول/أكتوبر 2007.	Convention on the Political Rights of Women, 1953, ratified on 27 October 2007.
31 - إن قدرة حكومة العراق في المرحلة الحالية على دعم ترتيبات الأمن الخاصة بالأمم المتحدة على النحو الذي يتوافر عادة للمنظمة في البلدان الأخرى هي قدرة محدودة.	At the current stage, the Government of Iraq has limited ability to support the security arrangements for the United Nations in ways normally accorded to it in other countries.
وظل صغار الأطفال معدومي القوة داخل أسرهم، وكثيراً ما ظلوا معدومي الصوت وغير منظور إليهم داخل المجتمع.	They have been powerless within their families, and often voiceless and invisible within society.
وتسهم هذه العملية في تحقيق هدفنا المشترك وهو بناء ثقافة للسلام والتسامح والتفاهم، وتضيف إلى المبادرات السابقة التي اضطلعت بها الأمم المتحدة في هذا الشأن.	This effort contributes to our common goal of building a culture of peace, tolerance and understanding, and builds upon previous initiatives undertaken by the United Nations on this matter.
ثانيا - المسائل التنظيمية	In accordance with the principle of geographic rotation, the Committee held elections for a new Bureau for a two-year term.
الصيغة المقترحة للمشروع:	Proposed Draft Wording:
يشرفني أن أطلب الإذن منكم لإلقاء بيان أمام اللجنة الرابعة نظرا للاهتمام المباشر للمؤسسات التي أمثلها بمسألة الصحراء الغربية.	I have the honour to request your authorization to make a statement before the Fourth Committee, in view of the direct interest of the institutions I represent, on the question of Western Sahara.
كما يجدر بالملاحظة أن هذه الاهتمامات تتسق مع مواد الاتفاقية وبالتالي فهي تدخل في إطار ولاية اللجنة.	It should also be noted that those concerns are compatible with the articles of the Convention and therefore within the mandate of the Committee.
51 - تعزز نظم الحماية الاجتماعية رفاه المواطنين وأمنهم عن طريق حمايتهم من أسباب الضعف والحرمان(). وعلى سبيل المثال، خلال فترات البطالة، والمرض، وكبر السن، وحيث تشكل عنصراً أساسياً في الاستراتيجيات الإنمائية الوطنية.	Social protection systems advance the well-being and security of citizens by protecting them from vulnerability and deprivation, for example during periods of unemployment, illness and in old age, and are a key element in national development strategies.
وتتمتع المحكمة الملكية بصلاحية المحاكمة في كافة الجرائم الجنائية باستثناء الخيانة.	The Royal Court has jurisdiction to try all criminal cases except treason.
البند 97(ت) من جدول الأعمال	Agenda item 97 (v)
ودعا المجتمع الدولي إلى زيادة مساعداته المالية للاقتصاد الفلسطيني وتشجيع الاستثمار الأجنبي.	He called on the international community to increase its financial assistance to the Palestinian economy and to promote foreign investment.
واقتُرِح أن تكون القواعد بمثابة إطار لتقييمات الآثار على حقوق الإنسان وسياسات الشركات في مجال حقوق الإنسان.	It was suggested that the norms could serve as a framework for HRIAs and the human rights policies of companies.
وقال إن ظروف الخدمة المتسقة تكتسي أهمية خاصة، بالنظر إلى أن الموظفين مطالبون بأن يكونوا على استعداد للتنقل.	Coherent conditions of service were particularly important, given that staff were required to be mobile.
286- وتطلب اللجنة من الدولة الطرف أن تتصدى في تقريرها الدوري الرابع لتنفيذ هذه الملاحظات الختامية.	The Committee requests the State party to address, in its fourth periodic report, the implementation of these concluding observations.
وسيكون هؤلاء الأخصائيون مسؤولين عن التنسيق وتوفير الإرشاد للوحدات المختلفة في إداراتهم وشُعبهم الأصلية، في مجال توفير الدعم وتوصيل الخبرات الصحيحة والموارد في الوقت المناسب إلى البعثات الميدانية.	These specialists will be responsible for coordinating and providing guidance to the various units in their home departments and divisions in order to support and deliver the right expertise and resources in a timely manner to the missions in the field.
غير أنه من الضروري تقديم المعلومات والمساعدة المالية والتقنية إلى الأطراف العاملة بموجب المادة 5 من أجل دعم هذه العملية.	The replacement of HCFCs with less energy-intensive refrigeration systems and environmentally friendly refrigerants represented a solution to those challenges, but it was essential to provide information and financial and technical assistance to Article 5 Parties to support that process.
42) and A/59/168); item 68 (A/59/165 (Part II)); item 69; item 70 (A/59/130 and A/59/130/Add.1); item 71; and item 72	42), A/59/168 and A/59/361); item 68 (A/59/165 (Part II)); item 69; item 70 (A/59/130 and A/59/130/Add.1); item 71; and item 72
وتخلف الحرب الأهلية يوميا ضحايا في صفوف المدنيين؛ وشهدت الأشهر الأخيرة تفاقم النزاعات المسلحة والعنف.	The civil war creates victims among the civilian population everyday. In recent months, there have been renewed outbreaks of armed conflict and violence.
وفي 7 حزيران/يونيه 2005، قامت اللجنة، في إطار الولاية الموكلة إليها من الجمعية العامة وبعد استعراض دقيق للترشيحات، باختيار مرسيدس كونسيبسيون (الفلبيــن) في فئة الأفراد، وآسوسياسيون برو بينستار دي لا فاميليا فـي غواتيمالا Association Pro Bienestar de la Familia de Guatemala في فئة المؤسسات.	On 7 June 2005, within the mandate given to it by the General Assembly and after a thorough review of the nominations, the Committee selected Mercedes Concepcion (Philippines) in the individual category and the Asociación Pro Bienestar de la Familia de Guatemala in the institutional category.
42- ويعرب الممثل عن امتنانه أيضاً لمفوضية الأمم المتحدة السامية لشؤون اللاجئين على زيادة تعاونها في تخطيط البعثات وتنفيذها وتقديم بيانات وتقييمات مفصلة عن البلدان معتمدة في ذلك على خبرتها العملية وسعة إلمامها بأحوال البلدان.	The Representative is also grateful to UNHCR, drawing on its operational expertise and profound country knowledge, for the increasingly extensive collaboration on mission planning and execution, as well as detailed country briefs and assessments.
المحتويات	Contents
6 - أن يأذن للأمانة بأن تحتفظ باحتياطي نقدي عامل من المصروفات السنوية المقدرة المخططة التي تستخدم لتغطية المصروفات النهائية في إطار الصندوق الاستئماني، والأطراف مطالبة في عام 2005 بأن تسهم بنسبة 7.5 في المائة من الميزانية المعتمدة لعام 2005 وسيزداد الاحتياطي النقدي العامل في عام 2006 إلى مستوى 15 في المائة؛	To authorize the Secretariat to maintain a constant operating cash reserve of the estimated annual planned expenditures that will be used to meet the final expenditures under the trust fund. In 2005, Parties shall be asked to contribute 7.5 per cent of the approved budget for 2005 and, in 2006, the operating cash reserve will increase to 15 per cent;
وسيساعد شركاء دوليون آخرون أيضاً في تدريب وتجهيز القوات الأمنية الانتقالية (التي ستتألف في البداية من 000 5 فرد من القوات المشتركة بين الحكومة الاتحادية الانتقالية والتحالف من أجل إعادة تحرير الصومال) فضلاً عن قوات الشرطة الصومالية (المؤلفة من 000 10 شرطي مدني)، وموظفي العدل والإصلاحيات، وغير ذلك من المجالات الرئيسية التي تحددها الأطراف.	Other international partners would also help to train and equip the Transitional Security Forces (initially 5,000 joint Transitional Federal Government-ARS forces) as well as the Somali Police Force (10,000 civilian police), justice and corrections personnel, and other key areas identified by the parties.
6 - وعندما وضعت صيغة تقاسم التكاليف أصلا استبعد الموظفون العاملون في مراكز عمل توجد فيها إحدى بعثات حفظ السلام من حسابها، لأنه ارتئي أن أولئك الموظفين سواء كانوا تابعين لوكالات الأمم المتحدة أو لبعثة لحفظ السلام، مشمولون بحماية قوات حفظ السلام ومن ثم ليسوا بحاجة إلى مساعدة أمنية.	At the time the cost-sharing formula was originally developed, staff serving at duty stations where there was a peacekeeping mission were excluded from the calculations because it was felt that such staff, whether belonging to the United Nations agencies or to a peacekeeping mission, were under the protection of the peacekeeping forces and therefore did not need security assistance.
وفي هذا الوقت، أريد أن أشدد على الحالة الراهنة التي تواجه الدول الجزرية الصغيرة النامية.	At this juncture, I need to emphasize the current situation facing small island developing States.
10 - تقــرر أن تخصم، وفقا لأحكام قرارها 973 (د - 10) المؤرخ 15 كانون الأول/ديسمبر 1955، من المبلغ المقسم فيما بين الدول الأعضاء على النحو المنصوص عليه في الفقرتين 8 و 9 أعلاه حصة كل منها في رصيد صندوق معادلة الضرائب البالغ 200 353 18 دولار، ويشمل مبلغا قدره 800 805 2 دولار يمثل الزيادة في الإيرادات المقدر أن تأتي من الاقتطاعات الإلزامية من مرتبات الموظفين والموافق عليها للمحكمة الدولية ليوغوسلافيا السابقة لفترة السنتين 2008-2009.	Decides that, in accordance with the provisions of its resolution 973 (X) of 15 December 1955, there shall be set off against the apportionment among Member States, as provided for in paragraphs 8 and 9 above, their respective share in the Tax Equalization Fund in the amount of 18,353,200 dollars, including 2,805,800 dollars, being the increase in the estimated staff assessment income approved for the International Tribunal for the Former Yugoslavia for the biennium 2008-2009.
(هـ) الانتقال الى نظام أحادي العملة؛	(e) Transition to a single-currency system;
(ب) التأكيد على الأهمية المتواصلة للمنهجية الحالية والمعايير المستخدمة في توزيع موارد هدف تخصيص الموارد من الاعتمادات الأساسية؛	(b) Confirmation of the continued relevance of the current methodology and criteria used for the distribution of TRAC resources;
وإذ تثنـي على الجهود الدؤوبـة التي تبذلها المنظمات غير الحكومية لمكافحة التعذيب ولتخفيف معاناة ضحاياه، بما فيها الشبكة الكبيرة لمراكز إعادة تأهيل ضحايا التعذيب،	Commending the persistent efforts by non-governmental organizations, including the considerable network of centres for the rehabilitation of victims of torture, to combat torture and to alleviate the suffering of victims of torture,
مذكرة شفوية مؤرخة 31 تموز/يوليه 2009 موجهة إلى رئيس اللجنة من البعثة الدائمة لألمانيا لدى الأمم المتحدة	Note verbale dated 31 July 2009 from the Permanent Mission of Germany to the United Nations addressed to the Chairman of the Committee
الاتحاد الدولي لنقابات العمال الحرة	The following specialized agencies and related organization were represented at the Meeting:
الرئيس باسترانا أرانغو (تكلم بالاسبانية): لقد أتيت إلى مؤتمر القمة التاريخي هذا ليس بصفتي رئيسا لبلدي فحسب، ولكن أيضا بصفتي صوتا يُعبر عن 500 مليون من سكان هذا الكوكب يعيشون في 33 دولة من أمريكا اللاتينية ومنطقة البحر الكاريبي، وهي تُشكل مجموعة ريو، التي أتولى اليوم منصب أمينها المؤقت.	President Pastrana Arango (spoke in Spanish): I come to this historic Summit today not only as President of my country, but also as the voice of 500 million inhabitants of this planet who live in the 33 States of Latin America and the Caribbean that form the Rio Group, of which I am today the Secretary pro tempore.
أولاً - المقدمة	Introduction
(ش) الصندوق المشترك لعمليات الاصلاح والاستبدال الكبرى	(u) Common Fund for Major Repairs and Replacements
39- وأبرز العديد من المتحدثين في الحوار أن إقامة تعاون دولي لتعزيز جهود التكيّف ينبغي ألا يتأخر.	Several speakers in the Dialogue made the point that international cooperation to enhance adaptation efforts need not be delayed.
وترد قائمة مقدمي مشروع القرار في الوثائق A/C.1/59/L.43/Rev.1 و A/C.1/59/INF.2/Add.1 و Add.2 و Add.4 و Add.5 و Add.7.	The sponsors of the draft resolution are listed in documents A/C.1/59/L.43/Rev.1 and A/C.1/59/INF/2/Add.1, Add.2, Add.4, Add.5 and Add.7.
22- وقال إن الدورة التدريبية والمبدأ التوجيهي العملياتي المشار إليهما في الفقرتين 16 و17 من الوثيقة IDB.30/17 هما أيضا خطوتان هامتان في تنفيذ اتفاق التعاون.	The training session and operational guideline referred to in paragraphs 16 and 17 of document IDB.30/17 were important steps forward in the implementation of the Cooperation Agreement.
وأعرف أن هناك العديد من الشكاوى بشأن المستوطنات: لقد فككنا في غزة 30 مستوطنة بأمر من الحكومة؛ وردت حماس باستيلاء دموي وحولت القطاع إلى قاعدة لإطلاق الصواريخ.	I know there are a great many complaints about the settlements: in Gaza, we dismantled 30 settlements by order of the Government; Hamas responded with a bloody takeover and turned the Strip into a base for rocket fire.
15 آب/أغسطس 2002	15 August 2002
وأيدت ملاحظة الرئيس أن حق تقرير المصير يشمل حق المجتمعات المحلية للسكان الأصليين في احترام هويتها وصونها.	She supported the Chairman\'s observation that the right of self-determination included the right of indigenous communities to respect and preserve their identity.
إذ تعرقل تطورها أسباب موضوعية وذاتية على حد سواء.	There are both objective and subjective reasons limiting its development.
وفيما يتعلق بمسألة التجارة، وجه نداء إلى الدول الأعضاء بفرض وقف طوعي على أي اتفاقات تجارية ثنائية أو إقليمية جديدة تشمل أحكاما تتعلق بحقوق الملكية الفكرية والأدوية.	On the question of trade, there was a call to Member States to institute a moratorium on any new bilateral or regional trade agreements which include provisions involving intellectual property rights and medicines.
وبعائدات هذه التجارة غير المشروعة يتمكن اتحاد "يونيتا" من الاستمرار على هذا الوضع الذي يستنزف موارد أنغولا.	The proceeds of the illicit trade enable UNITA to continue the ward that is bleeding Angola dry.
() القرار 217 ألف (د - 3).	Resolution 217 A (III).
(ج) حالة صندوق المساعدة	(c) Status of the Assistance Fund
ورحب، في هذا الخصوص، بالإهتمام الذي أولاه الأمين العام في تقريره (A/56/326) للظروف والإحتياجات الخاصة للبلدان النامية غير الساحلية وأعرب عن أمله في أن تستمر الأمم المتحدة في دعم ما تبذله البلدان النامية غير الساحلية والمارة بمرحلة انتقال من جهود في سبيل تعزيز نقلياتها الإنتقالية.	In that regard, he welcomed the attention given in the Secretary-General\'s report (A/56/326) to the special circumstances and needs of landlocked developing countries and expressed the hope that the United Nations would continue to support the efforts of the landlocked and transit developing countries to enhance their transit transportation.
ومن المتوقع أن يضفي مؤتمر إعلان التبرعات هذا الطابع المؤسسي على ممارسة جمع الأموال.	It was expected that that pledging conference would institutionalize the practice of fund-raising.
(د) أية قيود تفرض على ممارسة هذا الحق، بالإضافة إلى تفاصيل الأحكام القانونية التي تقضي بفرض هذه القيود.	(d) Any restrictions which are placed upon the exercise of this right, with details of the legal provisions prescribing such restrictions.
22 - إن أطفال السكان الأصليين وأطفال الأقليات والفئات الضعيفة محرومون بنسب متفاوتة في كثير من البلدان بسبب جميع أشكال التمييز، بما في ذلك التمييز العنصري.	Indigenous children and children belonging to minorities and vulnerable groups are disproportionately disadvantaged in many countries owing to all forms of discrimination, including racial discrimination.
والكوارث الطبيعية هي أيضا مشكلة إنسانية خطيرة يجب أن نعطيها اهتماما جديا بالقدر المماثل.	Natural disasters too are a grave humanitarian problem to which we must give equally serious attention.
التوصية 72 (أولوية الحقوق في الموجودات من أجل تحسينها وتخزينها)	Recommendation 72 (priority of rights in assets for improving and storing the assets)
وتلاحظ الفاو مع التقدير الإشارة إلى العدد الكبير من شبكات التعاون التقني التي تدعمها الفاو، وبخاصة من خلال مكتبها الإقليمي في سانتياغو.	FAO notes with appreciation the mention of the substantial number of technical cooperation networks it supports, particularly through its regional office in Santiago.
33 - وتناولت لجنة الرقابة بالمناقشة للمرة الأولى في أيار/مايو 2005 تقارير المراجعة التي حصلت فيها العمليات ذات الصلة على تقدير ”دون المتوسط“ أو ”ضعيف بدرجة خطيرة“.	The Oversight Committee discussed for the first time in May 2005 the audit reports with an audit rating of below average or seriously deficient.
راغستر عرضا عن الدستور المقترح لجزر فيرجن التابعة للولايات المتحدة.	Expert La Verne E. Ragster made a presentation on the proposed constitution for the United States Virgin Islands.
(ب) أن تواصل الحوار حول القضية فيما بين الدورات وأن تضع القضية على جدول أعمال الاجتماع الثامن والثلاثين للجنة.	(b) To continue dialogue on the issue intersessionally and to place the issue on the agenda of the thirty-eighth meeting of the Committee.
الجدول 5 - مجموع الانبعاثات البشرية المنشأ من ثاني أكسيد الكربون والميثان وأكسيد النيتروز والهيدروفلوروكربونات والهيدروكربونات المشبعة بالفلور وسادس فلوريد الكبريت، في عام 1990 وفي الفترة 1995-2001، ما عدا انبعاثات ثاني أكسيد الكربون/عمليات الإزالة من تغير استخدام الأراضي والحراجة	Table 5.
E. David, “Une décision historique?”, Journal des tribunaux (2003), p. 686 ff.	E. David, “Une décision historique?”, Journal des tribunaux (2003), p. 686 ff.
فالنص الحالي يوفر إيضاحات مفيدة، ولكنه يتضمن أيضا أحكاما قد تسبب خلافا أو إرباكا ولذلك ينبغي أن تخضع لمزيد من المناقشة.	The current text provided useful clarifications, but it also included provisions which might give rise to controversy or confusion and which should therefore be discussed further.
وعندئذ، يمكننا أن نركز اهتمامنا على العلاقات السياسية والاقتصادية والثقافية وعلى التعاون.	Only then will we be able to focus our attention on political, economic and cultural relations and on cooperation.
كما ينبغي أن ينعكس هذا المبدأ العام في جميع القوانين والقرارات القضائية والإدارية، وفي السياسات والبرامج المتصلة بالأطفال.	This general principle should also be reflected in all laws, judicial and administrative decisions, policies and programmes relating to children.
وحدة التخطيط وأفضل الممارسات	Legal Affairs Section
كما يُستحق معاش الشيخوخة لكل من جاوز عمره 67 عاماً وهناك أيضاً معاشات تُدفع مقدماً لأشخاص بين عمر 18 و66 سنة إذا كانت قدرتهم على العمل قد تضاءلت بحيث لا يستطيعون الحصول على دخل يجعلهم مستقلين ذاتياً بصفة كلية أو جزئية.	A public old-age pension is payable to everyone over the age of 67 and an anticipatory pension is payable to people between the ages of 18 and 66 whose capacity to work makes them unable to earn an income that will make them fully or partly self-supporting.
وفي 25 نيسان/أبريل 2005، كان عدد الدول التي صدقت على الاتفاقية أو انضمت إليها يبلغ 139 دولة.	As at 25 April 2005, 139 States had ratified or acceded to the Convention.
135- وفضلاً عن إدماج دروس حقوق الإنسان في المناهج التدريبية، تنظم وزارة العدل، بالتعاون مع منظمة الأمم المتحدة ومجلس أوروبا والاتحاد الأوروبي والجامعات والمنظمات غير الحكومية، حلقات دراسية دورية أثناء العمل لصالح أعضاء السلك القضائي على مختلف المستويات يأخذ المشاركون خلالها علماً بالتزامات تركيا بموجب اتفاقيات الأمم المتحدة في هذا المجال، ووثائق مكتب المؤسسات الديمقراطية وحقوق الإنسان، واتفاقيات مجلس أوروبا (وبخاصة الاتفاقية الأوروبية لحقوق الإنسان، والاتفاقية الأوروبية لمنع التعذيب والمعاملة أو العقوبة اللاإنسانية أو المهينة)، وبآثار هذه الصكوك في القانون المحلي التركي، والقرارات الصادرة عن المحكمة الأوروبية لحقوق الإنسان بشأن تركيا.	In addition to the inclusion of human rights courses in the training curricula, the Ministry of Justice, in cooperation with the UN, the Council of Europe, the European Union, universities and NGOs, also organizes periodic in-service seminars for members of the judiciary at various levels where participants are informed about Turkey\'s obligations under the relevant UN conventions, OSCE documents and Council of Europe conventions (particularly the European Convention on Human Rights and the European Convention for the Prevention of Torture and Inhuman or Degrading Treatment or Punishment), the effects of these instruments in the Turkish domestic law and the rulings of the European Court of Human Rights with respect to Turkey.
أطلب تمديد فترة ولاية القاضي ماكوتو حتى انتهاء القضايا المتعلِّقة بكل من كاجيليجيلي() وكاماهوندا() وبوتاري(ـ)، التي يقدر حاليا انتهاء أطولها في كانون الأول/ديسمبر 2005.	I request an extension of Judge Maqutu\'s term of office until the completion of the Kajelijeli, Kamuhanda, and Butare cases, the longest of which is currently estimated to finish in December 2005.
إذ تعتبر الصحة التناسليةة والأنشطة والحقوق الجنسية وفيروس نقص المناعة البشرية/الإيدز مواضيع محرمة.	In a society as traditional as Ethiopia, many vital issues of women\'s concerns, such as violence against women, reproductive health, sexuality and sexual rights and HIV/AIDS, are considered to be taboo.
(ب) توسيع الفهم المشترك للإدارة العامة والنهج المتعلقة بها وتغير قدرات الحكومات.	(b) Broadened common understanding of and approaches to public management and changing Governments\' capacities.
ويبلغ مجموع قيمة المواد نحو 200 دولار لا يحصل عليها المحاربون السابقون إلا بعد تسجيلهم في مركز إقليمي لإعادة الإدماج.	In total, this reinsertion package has a value of about $200, most of which would be provided only after ex-combatants register with a regional reintegration centre.
تقرير الأمين العام	Report of the Secretary-General
وقد حظيت أنشطة متنوعة موجَّهة مباشرة للأشخاص ذوي الإعاقة بالدعم من خلال تبرعات مساهمات مخصصة لمجموعة من المؤسسات المختلفة التابعة للأمم المتحدة من قبل برنامج الأمم المتحدة الإنمائي (البرنامج الإنمائي) ومنظمة الأمم المتحدة للطفولة (اليونيسيف).	A variety of activities directly targeted at persons with disabilities have been supported through voluntary and earmarked contributions to a range of United Nations organizations, such as the United Nations Development Programme (UNDP) and the United Nations Children\'s Fund (UNICEF).
وكان من الواضح أن البرنامج حقق تقدما كبيرا في الأخذ بتوجيهات قرارات ومقررات الجمعية، كتلك الواردة في القرار 53/192.	It was clear that UNDP had made considerable headway towards meeting the directives of Assembly legislation such as those contained in resolution 53/192.
احترام آراء الطفل	Respect for the views of the child
(منشورات الأمم المتحدة، رقم المبيع E.76.IV.7 والتصويب)، الفصل الأول] والمادة 8(1) من إعلان الحق في التنمية، وتوصية منظمة العمل الدولية بشأن إسكان العمال، 1961 (رقم 115).	Notes
وعلاوة على ذلك، فلم يقوِّض أي شيء وجهة نظر "فيتزموريس" الأصلية القائلة بأن معاهدات حقوق الإنسان ومعاهدات القانون الإنساني (فضلاً عن المعاهدات البيئية، على سبيل المثال) تشكل طائفة خاصة من الصكوك غير الثنائية ("المتكاملة" أو "المترابطة") لا يمكن إدارتها عن طريق نفس الأساليب التي تدار بها المعاهدات "العادية" المنشئة لعلاقات ثنائية.	Moreover, nothing has undermined Fitzmaurice\'s original point that for example, human rights and humanitarian law treaties, (as well as for example environmental treaties) form a special class of non-bilateral (“integral” or “interdependent”) instruments that cannot be operated through the same techniques as “ordinary” treaties creating bilateral relationships.
94- وفي السنوات الأخيرة، رفعت العديد من ضحايا الاسترقاق الجنسي قضايا أمام المحاكم اليابانية، ولم يُفصل بعد في عدد من هذه القضايا.	In recent years, several of the victims of sexual slavery have brought lawsuits in Japanese courts; a number of these cases are still pending.
82 - تقريـــــــر اللجنة الخاصة المعنية بميثاق الأمم المتحدة وبتعزيز دور المنظمة.	Report of the Special Committee on the Charter of the United Nations and on the Strengthening of the Role of the Organization.
(34) ينبغي استبعاد استخدام حق النقض فيما يتعلق بالتوصيات الواردة تحت المواد 4 و 5 و 6 و 97 من الميثاق.	(34) The veto should be excluded in respect of recommendations under Articles 4, 5, 6 and 97 of the Charter.
وإذ تؤكد ضرورة ضمان عدم اتخاذ الأمن القومي، بما فيه مكافحة الإرهاب، ذريعة لتقييد الحق في حرية الرأي والتعبير على نحو تعسفي أو لا مبرر لـه،	Stressing the need to ensure that invocation of national security, including counter-terrorism, is not used unjustifiably or arbitrarily to restrict the right to freedom of opinion and expression,
(ب) انتهاكات الحق في الحياة ضد الأطفال؛	(b) Violations of the right to life of children;
ويعمل البنك الدولي على التعجيل بالجهود الرامية إلى تعميق فهم التفاعلات وأثر الضوابط الاجتماعية التي تؤثر في النساء والرجال فيما يتعلق بنقص فيروس نقص المناعة البشرية/الإيدز والإصابة به، ودمج هذه المعارف في عمليات البنك الدولي.	Specifically, the World Bank is accelerating efforts to deepen the understanding of the interactions and impact of the social controls affecting women and men on the transmission and incidence of HIV/AIDS and is incorporating this knowledge into the World Bank\'s operations.
(د) مساعدة الدول الأعضاء في جهودها المبذولة في مجال نزع السلاح وعدم الانتشار بغية المساهمة في الجهود العالمية لمكافحة الإرهاب.	(d) Assist Member States in their efforts in the area of disarmament and non-proliferation with a view to contributing to global efforts against terrorism.
جيم - الجوانب الإيجابية	C. Positive aspects
(13) ورد شرح أولي لهذه المبادئ في وثيقة معنونة: Victim Assistance: A Comprehensive Integrated Approach (مساعدة الضحايا: نهج متكامل وشامل)، وزعتها سويسرا أثناء الاجتماع الأول للدول الأطراف المعقود عام 1999.	Indonesia*
وترى المكسيك أن القرارين 1882 (2009) و 1888 (2009)، اللذين يتناولان العنف الجنسي في الصراع المسلح، يشكلان خطوة إيجابية في تعزيز القانون الدولي المنطبق فيما يتعلق بحماية السكان المدنيين في الصراع المسلح، وبوجه خاص الفئات الأكثر ضعفا التي تتضرر جراء العنف الجنسي، بما في ذلك النساء والأطفال.	Mexico is of the view that resolutions 1882 (2009) and 1888 (2009), which address sexual violence in armed conflict, constitute a positive step in strengthening applicable international law with respect to the protection of civilian populations in armed conflict, in particular the most vulnerable groups affected by sexual violence, including women and children.
فلم تكرس لجنة الرياضة والبيئة التي تعمل مع وكالات الأمم المتحدة، نفسها لضمان الاستدامة البيئية من خلال الألعاب الأوليمبية فحسب، بل قامت كذلك بتثقيف الشباب في أنحاء العالم بأهمية الرعاية البيئية.	It has a dedicated Sport and Environment Commission which works with UN agencies, not only to ensure environmental sustainability during the Olympic games but also to educate young people around the world on the importance of environmental care.
71 - ينحو عموما تطوير التكنولوجيا نحو تكنولوجيات أنظف وأكثر إنتاجية وأكثر كفاءة في استعمال الموارد، وبخاصة متى كانت تسِّيره أنظمة وحوافظ بيئية.	Technology development, in particular when driven by environmental regulations and incentives, generally tends to cleaner, more resource-efficient and more productive technologies.
وأبلغت المنظمة المقررة الخاصة أنها تسعى بالتعاون مع اليونيسيف إلى وضع دراسة عن حالة استغلال الأطفال في المشاغل، حيث يجبَر بعض الأطفال على العمل مدة تصل إلى 10 ساعات يومياً وحيث يُحتمل تعرض هؤلاء الأطفال للاستغلال الجنسي.	They advised the Special Rapporteur that together with UNICEF, a study on the situation of exploitation of children in workshops - some of whom are forced to work up to 10 hours a day and are at risk of sexual exploitation - is being attempted.
وهو محفل يجري فيه عرض ومناقشة أحدث المنتجات والخدمات والأفكار والمشاريع.	It is a forum where state-of-the-art products, services, ideas and projects are presented and discussed.
ويعكس المبلغ المقدّر للإيرادات العائدة إلى الأمم المتحدة المستوى المتوقع لإجمالي المبيعات المرتقب أن يحققها محل بيع الهدايا في عام 2008 فقط، حيث يُتوقع أن يظل المحل مغلقا في عام 2009 بسبب تنفيذ عمليات المخطط العام لتجديد مباني المقر.	The estimated amount of revenue for the United Nations reflects the anticipated level of gross sales to be generated by the gift shop in 2008 only. The gift shop is expected to be closed during 2009 due to the capital master plan operations.
[يستكمل فيما بعد]	[To be completed]
واستفاد من خبرة أعضاء الشبكة البرنامجان التنفيذيان القصيران والمشتركان بين الجامعات اللذان أجريا في جامعة ماهيدول، بانكوك، في تموز/يوليه 2003 بشأن “الأمن البيئي والصراع على الموارد الطبيعية” و“الديانة: أهي للصراع أم للسلام؟”.	The two Inter-University Short Executive Programmes conducted at Mahidol University, Bangkok, in July 2003 on “Environmental Security and Natural Resource Conflicts” and “Religion: Conflict or Peace?” drew on the expertise of the Network members.
20- طلبت الجمعية العامة، في الفقرتين 12 و 13 من القرار 55/220 المؤرخ 23 كانون الأول/ديسمبر 2000، إلى الأمين العام والرؤساء التنفيذيين لصناديق وبرامج الأمم المتحدة أن يواصلوا، مع مجلس مراجعي الحسابات، تقييم ماهي المعلومات المالية التي ينبغي عرضها في البيانات والجداول المالية، وتلك التي ينبغي عرضها في المرفقات.	The General Assembly, in paragraph 12 of its resolution 55/220 A of 23 December 2000, requested the Secretary-General and the executive heads of the funds and programmes of the United Nations, in conjunction with the Board of Auditors, to continue to evaluate what financial information should be presented in the financial statements and schedules and what should be presented in the annexes.
مستشارة لدى اليونيسيف لصياغة التقرير عن الدورة الاستثنائية للجمعية العامة للأمم المتحدة المعنية بالطفل.	UNICEF consultant on the report on the special session of the United Nations General Assembly on children.
الحواشي	Notes
(ب) حيث لم يُدَن المتهم بارتكاب جريمة مدرجة في الملحق، الجريمة التي اتهِم بارتكابها ومبررات الاعتقاد بأن المتهم اقترف تلك الجريمة؛	offence, the scheduled offence for which the defendant
8 - يتدخل الكلورديكون في عملية التكاثر ويؤدي إلى تسمم الأجنة في الحيوانات المختبرية.	Chlordecone interferes with reproduction and is fetotoxic in experimental animals.
ولا يرتهن السلام والاستقرار حاليا بالامتثال، بل يرتهن به أيضا بناء مجتمعات تنعم بالسلام والاستقرار في المستقبل.	Not only do current peace and stability depend on compliance, but so does the building of peaceful, stable societies in the future.
وكحل بديل، يمكن تعيين هؤلاء ”المتدربيـن“ أنفسهم بعقود قصيرة المدة لتلبية احتياجات التعيين العاجلة عند انعقاد دورة الجمعية العامة (مثل العقود التي تمنح حاليا للمتقاعدين، وإنما بتكلفة أقل).	Alternatively, these same “trainee” candidates could be hired on short-term contracts to fulfil immediate hiring needs when the General Assembly is in session (similar to those currently offered to retirees, but at a lower cost).
المقرر 7/[]: إحالة المعلومات، بما في ذلك تنفيذ المقرر 2/12	VII/[…]: Transmission of information, including implementation of decision II/12
وإن الهجوم الذي شنته مؤخرا الجماعة المتمردة، حركة العدل والمساواة، على عاصمتنا القومية ليذكرنا مرة أخرى بالعقبات والعراقيل الحقيقية، ألا وهي الجماعات المتمردة والتدخلات وأشكال النفوذ الأجنبية الآثمة.	The recent attack on our national capital by the rebel group Justice and Equality Movement (JEM) is yet another reminder of the real impediments and obstruction, namely the rebel groups and the vicious external interferences and influences.
163 - وتحث اللجنة الحكومة على أن توقع وتصدق على البروتوكول الاختياري للاتفاقية وأن تودع في أقرب وقت ممكن صك موافقتها على تعديل الفقرة 1 من المادة 20من الاتفاقية بشأن فترة اجتماعات اللجنة.	The Committee requests that the Government respond in its next periodic report to the specific issues raised in these concluding comments.
الدورة الرابعة والستون	Sixty-fourth session
وتشكل هذه الأخيرة أساس الإبلاغ الدولي الذي له علاقة وثيقة بالرصيد الوطني للطاقة والحسابات القومية.	These are the basis for international reporting, which has a close connection with national energy balance and national accounts.
• الافتقار إلى التكامل الاقتصادي المحلي مما يتجلى في الأسواق المحلية غير المنظمة وغير المتطورة وغير الكاملة والقصور المؤسسي وحالات الخلل التي تحدث لدى تحويل الأسعار بين مختلف مستويات الأسواق والأقاليم.	• Lack of domestic economic integration, reflected in unorganized, underdeveloped and incomplete domestic markets, inadequate institutions and disruptions in price transmission between different market levels and regions;
ويتمثل التحدي الرئيسي في تحقيق تحسُّن ملموس في نفاذ سلع البلدان النامية وخدماتها إلى الأسواق، بإجراء تخفيض جوهري في الحواجز الجمركية وغير الجمركية أو بإزالتها، والتنفيذ الفعلي لأحكام المعاملة الخاصة والتفاضلية، وزيادة المساعدة التقنية على بناء القدرات في التفاوض على اتفاقات منظمة التجارة العالمية وتنفيذها.	The main challenge was to achieve a substantial improvement in market access for goods and services from developing countries, through a substantial reduction or elimination of tariff and non-tariff barriers, effective implementation of special and differential treatment provisions and an increase in technical assistance for capacity building in the negotiation and implementation of the WTO Agreement.
وفي العام نفسه، بلغ مجموع النفقات، بما فيها نفقات الجائزتين 007 49 دولارات.	Expenditures in 2005, including the prizes, totalled $49,007.
أود أن أسترعي انتباه الأعضاء إلى رسالتين مؤرختين 7 آب/أغسطس 2008 من الممثل الدائم لجورجيا، واللتين ستصدران بوصفهما وثيقتين من وثائق مجلس الأمن تحت الرمزين S/2008/534 و S/2008/535.	I should like to draw the attention of members to two letters dated 7 August 2008 from the Permanent Representative of Georgia, which will be issued as documents of the Security Council under the symbols S/2008/534 and S/2008/535.
رسالــــة مؤرخــــــة 31 تشرين الأول/أكتوبر 2003 موجهة إلى رئيس مجلس الأمن من رئيس لجنة مجلس الأمن المنشأة عملا بالقرار 1373 (2001) بشأن مكافحة الإرهاب	Letter dated 31 October 2003 from the Chairman of the Security Council Committee established pursuant to resolution 1373 (2001) concerning counter-terrorism addressed to the President of the Security Council
وأبرز أحد المعلقين أهمية تعزيز الاتصال بمنظمات المجتمع المدني، لأنه نتيجة خبرتها في مجال حقوق الإنسان والعمل الإنساني الذي تقوم به على أرض الواقع، فإن معارف تلك المنظمات قد تكون ذات صلة كبيرة بعمل المجلس.	One commentator highlighted the importance of promoting contact with civil society organizations because, due to their human rights expertise and humanitarian action on the ground, their knowledge could be very relevant to the Council\'s work.
المادة 25	Article 25
مشروع المادة 75	Article 75
42 - وأضاف أن أي نظام شفاف للتحقيقات يجب أن يشمل قواعد واضحة بشأن النطاق والدعوى والسلوك.	A transparent investigations system must incorporate clear rules on scope, process and behaviour.
() المرجع نفسه؛ انظر أيضاً S/2007/132، المرفق الأول، الفقرة 12.	Ibid.; see also S/2007/132, annex I, para.
ورحبت بانتواء الأمانة استعمال الحواسيب اللوحية لجمع الأسعار وللاستبيانات الإلكترونية إلى جانب الأساليب التقليدية لجمع البيانات من الموظفين، وبالنماذج المنقحة لجمع الأسعار، والشكل الجديد لتقرير الدراسات الاستقصائية الذي وضعته الأمانة.	It welcomed the secretariat\'s intention to use tablet computers for price collection and electronic questionnaires together with traditional methods of data collection from the staff, the revised price collection forms and the new survey report template developed by the secretariat.
ويسرنا أيضا الإقرار بأن التنسيق فيما بين القطاعات السياسية والإنسانية والعسكرية والاجتماعية - الاقتصادية ضروري في منع الصراع وإحلال السلام الدائم.	We are also pleased that coordination among the political, humanitarian, military and socio-economic sectors is recognized as essential in the prevention of conflict and the establishment of lasting peace.
5 - وقد واصلت المجموعة الرباعية العمل مع الطرفين في محاولة لنزع فتيل الأزمة وإحياء عملية السلام سعيا إلى تنفيذ الأفكار الواردة في قرار مجلس الأمن 1397 (2002).	The Quartet continued to work with the parties in an effort to defuse the crisis and breathe life into the political process in pursuance of ideas stipulated in Security Council resolution 1397 (2002).
4 - ووفقا للفقرة 1 في المادة 5 من النظام الأساسي، انتهت في 30 أيلول/سبتمبر 1999 مدة عضوية سبعة أعضاء جرى انتخابهم ابتداء من 1 آب/أغسطس 1996.	In accordance with article 5, paragraph 1, of the Statute, the terms of office of seven members first elected on 1 August 1996 expired on 30 September 1999.
الجلسة العامة 77 18 كانون الأول/ديسمبر 2002	77th plenary meeting 18 December 2002
مذكرة من رئيسة مجلس الأمن	Note by the President of the Security Council
ولم تتح له مناصبه الاطلاع الضروري إلا بعد أن أصبح رئيسا لمستشارية الحزب في 1941، ثم في 1943 عندما أصبح سكريتيرا للفوهرر وحضر العديد من اجتماعات هتلر.	It was only when he became head of the Party Chancellery in 1941, and later in 1943 Secretary to the Führer when he attended many of Hitler\'s conferences, that his positions gave him the necessary access.
مقرر	Decision
تعزيز تنسيق المساعدة الإنسانية والمساعدة الغوثية التي تقدمها الأمم المتحدة في حالات الكوارث بما في ذلك المساعدة الاقتصادية الخاصة: تقديم المساعدة الاقتصادية الخاصة إلى فرادى البلدان أو المناطق	Strengthening of the coordination of humanitarian and disaster relief assistance of the United Nations, including special economic assistance: special economic assistance to individual countries or regions
24 - وفقا للفقرة 7 من منطوق قرار الجمعية العامة 54/54 تاء، أوصت اللجنة المؤتمر، في جلستها ـــــــــــــــــ المعقودة في ــــــــــــ آذار/مارس، بالهدف المحدد للمؤتمر الوارد في الوثيقة (A/CONF.192/PC/L.3).	In accordance with operative paragraph 7 of General Assembly resolution 54/54 V, at its xx meeting, held on xxx March, the Committee recommended to the Conference the objective of the Conference, as contained in document A/CONF.192/PC/L.3.
50- وأكّدت اللجنة أهمية تنفيذ خطة العمل الواردة ضمن تقريرها الموجه إلى الجمعية العامة عن تنفيذ توصيات اليونيسبيس الثالث (الباب سادسا-باء من الوثيقة A/59/174) التي أيّدتها الجمعية في قرارها 59/2 المؤرخ 20 تشرين الأول/أكتوبر 2004.	The Committee emphasized the importance of implementing the Plan of Action contained in its report to the General Assembly on the implementation of the recommendations of UNISPACE III (A/59/174, sect. VI.B), which had been endorsed by the Assembly in its resolution 59/2 of 20 October 2004.
وبرنامج الأمم المتحدة الإنمائي في طريقه إلى استكمال حسابات تسجيل الناخبين ومشاريع الانتخابات الرئاسية.	UNDP is in the process of closing the books of the voter registration and the presidential election projects.
كما أن ذلك ينبغي أن يكون متوافقاً مع خطة عمل سنغافورة التي اعتمدتها منظمة التجارة العالمية لصالح أقل البلدان نمواً ومستنداً إلى الاتفاقات القائمة المجسدة في مبادرة الإطار المتكامل لعام 1997.	This should also be consistent with the Singapore WTO Plan of Action for LDCs and build upon existing agreements embodied in the 1997 Integrated Framework initiative.
أ- يُسجَّل إشعار يتعلق بالحق الضماني الاحتيازي في سجل الحقوق الضمانية العام؛ و	A notice with respect to the acquisition security right is registered in the general security rights registry; and
وحاليا لا توجد موارد مخصصة متوافرة في حساب التنمية من أجل إجراء رصد مركزي أو تقييم أو إشراف متعمق من مدير البرنامج لكفالة التقيد بمواعيد الإبلاغ المستهدفة ولتحسين الإبلاغ بشكل أفضل؛	Currently, there are no dedicated resources available within the Development Account for in-depth central monitoring, evaluation or oversight by the Programme Manager to ensure compliance with reporting target dates and to better improve reporting;
وبالإضافة إلى ذلك، تود اللجنة الحصول على إحصاءات عن تمثيل المرأة في الجمعيات الإقليمية والمحلية، حيث كما جاء في التقريرين لا تشكل النائبات إلا 16 في المائة من أعضاء الجمعيات.	In addition, the Committee would appreciate statistics on women\'s representation in regional and local assemblies, where, according to reports, women made up only 16 per cent of deputies.
“وإذ تلاحظ أن بروتوكول كيوتو الملحق باتفاقية الأمم المتحدة الإطارية بشأن تغير المناخ قد نال حتى الآن مائة وتسعة عشر تصديقا، بما في ذلك تصديقات الأطراف المذكورة في المرفق الأول للاتفاقية، التي تتسبب في 44.2 في المائة من الانبعاثات،	“Noting that, to date, the Kyoto Protocol to the United Nations Framework Convention on Climate Change has attracted one hundred and nineteen ratifications, including from parties mentioned in annex I to the Convention, who account for 44.2 per cent of emissions,
ويحدد الرئيس المواعيد النهائية لتقديم مشاريع القرارات بالتشاور مع أعضاء المكتب، ويعلن عن تلك المواعيد قبل مدة كافية.	The deadlines for the submission of draft resolutions would be set by the Chairperson in consultation with the Bureau and announced sufficiently in advance.
وأنا واثق بأن التنفيذ الفعال للرؤية المشتركة للأمم المتحدة، في ظل قيادة الممثل التنفيذي للأمين العام، سيحدث فرقا حقيقيا في حياة شعب سيراليون وفي توطيد سلام البلد الذي تحقق بشق الأنفس.	I am confident that the effective implementation of the United Nations Joint Vision, under the leadership of the Executive Representative of the Secretary-General, will make a real difference in the lives of Sierra Leoneans and in consolidating the country\'s hard-won peace.
(و) تدعيم الإطار التنفيذي.	(f) Strengthening the operational framework.
وعلى الرغم من وعود العولمة، والمبادرات العديدة التي اضطلع بها في أوقات مختلفة لمساعدة القارة، فلا يزال النمو الاقتصادي لأفريقيا متأخراً بدرجة كبيرة.	Despite the promises of globalization and the many initiatives launched at various times to help the continent, Africa\'s economic growth is still lagging far behind.
وتعرب فيجي عن تأييدها التام لتقييم الأمين العام بأن التركيز على البعد الإقليمي لحماية المدنيين هو أكثر الطرق فعالية لمعالجة المسائل العابرة للحدود كالاتجار بالبشر وتدفق الأسلحة بصورة غير قانونية.	Fiji totally supports the Secretary-General\'s assessment that emphasizing the regional dimension of civilian protection is the most effective way to deal with cross-border issues such as human trafficking and the illegal flow of arms.
وتذكِّر الدولة الطرف بأنه لم يصدر حكم بالإعدام على أحد المدّعى عليهم في قضية صاحب البلاغ لأن ذاك الشخص كان قاصراً وقت ارتكاب الجرائم.	The State party recalls that one of the author\'s co-defendants was not sentenced to death on the ground that he was a minor at the time of the commission of the offences.
53- وينبغي أن تضمن الدول إتاحة مجموعة من خيارات الرعاية البديلة، تكون متسقة مع هذه المبادﺉ التوجيهية، في مجال الرعاية المقدمة في ظروف الطوارﺉ والرعاية الطويلة والقصيرة الأجل.	States should ensure the availability of a range of alternative care options, consistent with the general principles of the present Guidelines, for emergency, short-term and long-term care.
المصدر: صندوق الأمم المتحدة للسكان، 2003.	Source: UNFPA, 2003.
ذلك أن من شأن وجود جهاز إنمائي للأمم المتحدة أشد نشاطا، ويعمل في تواءم وثيق مع قيادة قطرية فعالة، أن يعزز عمل اليونيسيف من أجل الطفولة، وأن يوفر دعما أكثر فعالية للإعلان بشأن الألفية والأهداف الإنمائية التي تركز على الطفل، وأن يكون قادرا على الإفادة على نحو أوفى من موارد المساعدة الإنمائية الرسمية وطرائق التمويل الجديدة.	A revitalized United Nations development system, working in close harmony and with effective country-level leadership, will reinforce the work of UNICEF for children, allow for more effective support to the Millennium Declaration and the child-focused Development Goals, and be able to take fuller advantage of increasing ODA resources and new financial modalities.
ويمثل هدف تحسين مستقبل الجميع محور الإعلان والأهداف الإنمائية للألفية.	At the heart of both the Declaration and the MDGs is the goal of a better future for all.
وطلبت اللجنة من جميع هيئات المعاهدات أن تبيّن بوضوح تصوراتها للوثيقة الأساسية الموسّعة وللتقرير الخاص بالمعاهدة.	The Committee had asked all treaty bodies to state more clearly how they envisaged the expanded core document and the treaty-specific report.
وفي 23 نيسان/أبريل 2001، رفض وزير الهجرة الطلب المقدم بشأن التنازل عن صفة حسن السيرة والسلوك.	4.11 To that effect, the authors have been afforded the right to petition the State party to secure necessary grazing rights through expropriation.
الأدلة المتوافرة على التعاطي ولكن دون تقدير لمدى انتشار التعاطي	The dotted line represents approximately the Line of Control in Jammu and Kashmir agreed upon by India and Pakistan.
وإذ تسلم بأن جميع الثقافات والحضارات تتقاسم مجموعة مشتركة من القيم العالمية،	Recognizing that all cultures and civilizations share a common set of universal values,
ونقل المدنيين إلى المناطق المحتلة، سواء أكان ذلك في المستوطنات الواقعة تحت السيطرة العسكرية أم لا، يتناقض مع الفقرة السادسة من المادة 49 من اتفاقية جنيف الرابعة التي تنص بوضوح على: ”ألا تقوم الدولة القائمة بالاحتلال بترحيل أو نقل أجزاء من سكانها المدنيين إلى الأراضي التي تحتلها“.	The transfer of civilians to occupied areas, whether or not in settlements that are under military control, is contrary to the sixth paragraph of article 49 of the Fourth Geneva Convention, which clearly states that “The Occupying Power shall not deport or transfer parts of its own civilian population into the territory it occupies.” Furthermore, settlement activities are also in contradiction with the principle of the inadmissibility of the acquisition of territory by force, in accordance with the United Nations Charter.
(ج) جميع الدول في منطقة نهر مانو دون الإقليمية على التعاون مع المحكمة الخاصة ولجنة الحقيقة والمصالحة والعمل بصورة بناءة لتوطيد دعائم السلم والأمن في سيراليون؛	(c) All States in the Mano River subregion to cooperate with the Special Court and the Truth and Reconciliation Commission and to work constructively for the consolidation of peace and security in Sierra Leone;
27 - تدعو رئيسة اللجنة المعنية بالقضاء على التمييز ضد المرأة إلى إلقاء كلمة أمــام الجمعية العامة فــي دورتيها الثالثــة والستين والرابعة والستين في إطار البند المتعلق بالنهوض بالمرأة؛	Invites the Chairperson of the Committee on the Elimination of Discrimination against Women to address the General Assembly at its sixty-third and sixty-fourth sessions under the item on the advancement of women;
(البند 5 من جدول الأعمال) 32 -52 10	Annexes
"(هـ) يقرّر أن يعين مراجع الحسابات الخارجي لمدة عامين، تحدّد عادة مرتين، شريطة أن يكون تقييم الدول الأعضاء لأداء عمله مرضيا. "	“(e) Decides that the External Auditor be appointed for a period of two years, to be normally extended twice, contingent upon a satisfactory assessment by Member States of the work performed.”
وفي ضوء ذلك، ينبغي تشجيع الشراكات داخل المجتمعات المحلية فيما بين أرباب العمل، والمنظمات، والنقابات، وسلطات التعليم، والقائمين بالتدريب، وما إلى ذلك، بغية تأمين نوعية التدريب والتعليم اللذين يوفرهما القطاعان العام والخاص.	In that light, partnerships should be encouraged within local communities among employers, organizations, trade unions, education authorities, training providers etc. in order to ensure the quality of public and private sector training and education.
المكاتب الميدانية	Field offices
التجنيد في سيراليون	Recruitment for Sierra Leone
14 - وأشار إلى أن متوسط التكلفة اليومية لحصص الإعاشة، التي يتم شراؤها حاليا في دبي وتنقل جوا إلى دارفور، هو 17.85 يورو، أو حوالي 26 دولارا بسعر صرف متوسط يبلغ 1.5 دولار لليورو، في الفترة 2007/2008.	The average daily cost for rations, currently procured in Dubai and transported to Darfur by air, had been 17.85 euros, or around $26 at an average exchange rate of $1.5 to the euro, in the 2007/08 period.
7-11 تضطلع الشعبة الإحصائية بالمسؤولية عن هذا البرنامج الفرعي.	7.11 The Statistics Division is responsible for the subprogramme.
وأن تقديم التقرير كان متأخرا عن موعده.	The Committee further notes that the report was submitted with some delay.
(2) ومبدأ "استعمِل ما هو لك دون الإضرار بما هو للغير" (Sic utere tuo ut alienum non laedas) هو المبدأ المستقر في مجال المسؤولية الدولية.	(2) Sic utere tuo ut alienum non laedas (use your own property so as not to injure that of another) is the established principle of international liability.
(ه‍) عدم تمديد حالات الطوارئ مدة أطول مما تقتضيه الأوضاع فعلاً، وذلك طبقاً لأحكام المادة 4 من العهد الدولي الخاص بالحقوق المدنية والسياسية، أو الحدّ من آثار هذه الحالات؛	(e) Not to extend states of emergency beyond what is strictly required by the situation, in accordance with the provisions of article 4 of the International Covenant on Civil and Political Rights, or to limit their effect;
وكخطوة تالية أساسية، يُتوقع إدماج كل مقاطع خط السكك الحديدية الرابط بين كارس وأخالكالاكي وتبيليسي وباكو في الخطة الرئيسية لشبكة السكك الحديدية عبر الأوروبية.	As a next crucial step, the incorporation of all sections of the Kars-Akhalkalaki-Tbilisi-Baku railway connection into the trans-European railway network master plan is expected.
انتخاب 19 عضوا في مجلس إدارة برنامج الأمم المتحدة للمستوطنات البشرية	Election of 19 members of the Governing Council of the United Nations Human Settlements Programme
الموقف فيما يتعلق باتفاقيات منظمة العمل الدولية	The pending comments of the ILO Committee of Experts on matters relevant to the provisions of the Convention on the Elimination of All Forms of Discrimination against Women relate to:
هذه واحدة من قيمنا العزيزة التي تميز جمهورية الجبل الأسود في السياق الإقليمي والنطاق الدولي الأوسع.	That is one of our cherished values, which distinguishes Montenegro in the regional and broader international context.
ولكن يتعين علينا جميعا أن نزيد التمويل المتوفر للتنمية.	But we must all increase the financing available for development.
ووفقاً للآراء الطبية الصادرة عن مركز الأزمات والصدمات النفسية بمستشفى داندريد، فإن الوضع الصحي لصاحب الشكوى يتمشى مع الظروف التي وصفها وأن الاضطراب النفسي اللاحق للإصابة والمرض البدني نتجا مباشرة عن التعذيب الذي تعرض له في بلده.	According to the medical opinions from the Crisis and Trauma Centre, Danderyd Hospital, the complainant\'s clinical condition is consistent with the circumstances he described, and that his post-traumatic stress disorder and physical illness was caused as a direct result of torture in his home country.
كذلك فإن قانون التوظيف ليس شاملا ولم يتطرق إلى قضايا التحرش الجنسي على مختلف مراحل عقد العمل.	The Employment Act is not comprehensive and has not addressed issues of sexual harassment at the various stages of the employment contract.
تدابير منع وكشف غسل الأموال في النظام المالي، حسب المناطق	Measures to prevent and detect money-laundering in the financial system, by region
وإذ تسلم بأن الأمم المتحدة تأخذ بتعدد اللغات كوسيلة لتعزيز تنوع اللغات والثقافات على الصعيد العالمي وحمايتها والمحافظة عليها، وبأن تعدد اللغات الحقيقي يعزز الوحدة في إطار التنوع والتفاهم الدولي،	Recognizing that the United Nations pursues multilingualism as a means of promoting, protecting and preserving diversity of languages and cultures globally and that genuine multilingualism promotes unity in diversity and international understanding,
5 - تعترف أيضا بالتقدم الذي أحرزته توكيلاو نحو تحقيق ذلك الهدف في إطار مشروع بيت توكيلاو الحديث وتقر برأي توكيلاو بأن ذلك المشروع، من حيث بعديه المتصلين بالحكم وبالتنمية الاقتصادية، يمثل في نظر شعبها وسيلة لتحقيق تقرير المصير؛	Also acknowledges the progress made towards that goal under the Modern House of Tokelau project, and Tokelau\'s view that that project, in its governance and economic development dimensions, is seen by its people as the means to achieving their act of self-determination;
2 - يتم عادة إنجاز مشاريع الهياكل الأساسية قبل تنفيذ المشاريع التي تركز على الإنتاجية، بيد أنه يمكن حصول شيء من التداخل بينهما.	Infrastructure projects are normally completed before implementation of productivity-based projects, but some overlap is possible.
وأود أن أشجع الدول الأعضاء ذاتها على أن تفحص الأولويـة التـي ينبغـي أن توليها لدعـم مكتب الرئيس.	I would encourage Member States themselves, both inside and outside the United Nations, to examine the priority that should be accorded to supporting the Office of the President.
(19) "Latin America quick to dance to China\'s tune", Financial Times, 11 November 2004; "Hu lends friendship to Cuban comrades", Financial Times, 24 November 2004.	Annex table.
وبلغت الاحتياجات الواردة من الجهة التي رسا عليها العطاء 700 610 1 دولار بدلا من 000 945 دولار كما كان متوقعا أصلا نتيجة لاحتياجات لم تتحدد من قبل مثل حواجز مراقبة وصول المشاة.	The requirements from the successful tender were $1,610,700 instead of $945,000 as originally envisaged owing to previously unidentified requirements such as pedestrian access control barriers.
المقرر عقدها يوم الخميس، 13 تموز/يوليه 2000، الساعة 45/11	To be held on Thursday, 13 July 2000, at 11.45 a.m.
وستصدر التصويبات بعد انتهاء الدورة في وثيقة تصويب واحدة.	Corrections will be issued after the end of the session in a consolidated corrigendum.
إحدى الرائدات في شبكة القيادات النسائية للتعاون الاقتصادي في آسيا ومنطقة المحيط الهادئ والمسؤولة عن الملف الإندونيسي، منذ 1996	One of the pioneers and has been the Focal point for Indonesia of the Women Leaders Network of the Asia Pacific Economic Cooperation (WLN-APEC) since 1996;
5- وينبغي أن تقدم الشهادة الصحية الدولية مع استمارات طلب التأشيرة عند الاقتضاء.	The International Health Certificate must be submitted together with visa application forms, as appropriate.
إضافة	Addendum
(توقيع) بان كي - مون	(Signed) Ban Ki-moon
المادة 6: الحق في العمل	Article 6: Right to work
سيعقد الاجتماع التنسيقي السنوي لوزراء خارجية الدول الأعضاء في منظمة المؤتمر الإسلامي يوم الثلاثاء، 17 أيلول/سبتمبر 2002، من الساعة 00/10 إلى الساعة 00/13 ومن الساعة 00/15 إلى الساعة 00/18 في قاعة المجلس الاقتصادي والاجتماعي.	The Annual Coordination Meeting of the Ministers for Foreign Affairs of the Member States of the Organization of the Islamic Conference will be held on Tuesday, 17 September 2002, from 10 a.m. to 1 p.m. and from 3 to 6 p.m. in the Economic and Social Council Chamber.
وفي هذا الشأن، تكتسي التوصيات التي قدمتها البعثة المتعددة التخصصات إلى المنطقة، التي ترأسها الأمين العام المساعد كالومو قبل عامين، أهمية كبيرة ولا بد من تنفيذها على النحو الواجب.	mission to the region, led by Assistant Secretary- General Kalomoh two years ago, are of great importance and require due implementation.
وللمجلس دور هام في متابعة المؤتمر: فقد دعاه برنامج عمل بروكسيل إلى تخصيص بند في جدول الأعمال السنوي لاستعراض تنفيذ برنامج العمل وتنسيقه، والنظر في هذا الاستعراض والتنفيذ في جزئه الرفيع المستوى، وذلك على فترات منتظمة.	The Council has an important role in the follow-up to the Conference: the Brussels Programme of Action invited it to devote an annual agenda item to the review and coordination of the implementation of the Programme of Action, and to examine at regular intervals this review and coordination at its high-level segment.
الإرهاب	Terrorism
إقفال باب المناقشة	Closure of debate
(ح) توقيع هتلر على ميثاق ميونيخ دون نية التقيد به وتأكيده الكاذب بأن ألمانيا لن تكون لها مشاكل إقليمية أخرى في أوروبا؛	(h) Hitler\'s signing the Munich Pact with no intention of complying with it and his false assurance that Germany would have no more territorial problems in Europe;
8 - في الجلسة 29، المعقودة في 28 تشرين الأول/أكتوبر، عرضت ممثلة مصر مشروع قرار بعنوان ”حالة الأطفال الفلسطينيين ومساعدتهم“ (A/C.3/59/L.28) باسم الأردن والإمارات العربية المتحدة وإندونيسيا وجمهورية إيران الإسلامية وباكستان والبحرين وبروني دار السلام وبليز وبنغلاديش وتونس والجزائر والجماهيرية العربية الليبية وجنوب أفريقيا وجيبوتي وزمبابوي والسنغال والسودان والصين والعراق وعمان وقطر وكوبا والكويت ولبنان ومالي وماليزيا ومصر والمغرب والمملكة العربية السعودية وموريتانيا وناميبيا والنيجر واليمن وفلسطين.	At the 29th meeting, on 28 October, the representative of Egypt, on behalf of Algeria, Bahrain, Bangladesh, Belize, Brunei Darussalam, China, Cuba, Djibouti, Egypt, Indonesia, the Islamic Republic of Iran, Iraq, Jordan, Kuwait, Lebanon, the Libyan Arab Jamahiriya, Malaysia, Mali, Mauritania, Morocco, Namibia, the Niger, Oman, Pakistan, Qatar, Saudi Arabia, Senegal, South Africa, the Sudan, Tunisia, the United Arab Emirates, Yemen, Zimbabwe and Palestine, introduced a draft resolution (A/C.3/59/L.28), entitled “The situation of and assistance to Palestinian children”.
14 - عملا بالقـرارات 1455 (2003) و 1390 (2001) و 1333 (2000) و 1267 (1999)، ينبغي على الدول أن تكفل عدم قيام رعاياها أو أي أشخاص موجودين داخل إقليمها بإتاحة أي أموال أو أصول مالية أو أصول اقتصادية، بصورة مباشرة أو غير مباشرة، إلى الكيانات أو الأفراد المدرجين في القائمة أو لمنفعتهم.	Pursuant to resolution 1455 (2003), 1390 (2002), 1333 (2000) and 1267 (1999), States are to ensure that no funds, financial assets or economic resources are made available, directly or indirectly, to Listed individuals or entities of for their benefit, by nationals or by any persons within their territory.
ويوفر استعمال الأمين العام للأمم المتحدة للتدابير الخاصة المؤقتة مثالاً عملياً في مجال عمالة المرأة، بما في ذلك من خلال إصدار التعليمات الإدارية بشأن التوظيف والترقية والتنسيب للمرأة في الأمانة العامة.	The use of temporary special measures by the Secretary-General of the United Nations is a practical example in the area of women\'s employment, including through administrative instructions on the recruitment, promotion and placement of women in the Secretariat.
وترسل البلاغات عن المعاملات المشبوهة التي تقتضي إجراء تحقيق بسبب احتمال ارتكاب مخالفات جنائية وغير ذلك من أشكال الغش إلى الشرطة وغيرها من سلطات إنفاذ القانون للتحقيق فيها.	The STRs that require investigation for possible criminal offences and other fraud are sent to Police and other law enforcement authorities for investigation.
cit., para.	cit., para.
المركز الاستشاري العام	General consultative status
التعاون بين الأمم المتحدة والاتحاد البرلماني الدولي	Cooperation between the United Nations and the Inter-Parliamentary Union
1192- وعلى ضوء المادة 24-3 من الاتفاقية، تحث اللجنة الدولة الطرف على سن تشريع يحظر ممارسات تشويه الأعضاء التناسلية للإناث، واتخاذ اللازم لضمان إنفاذ هذا التشريع في الواقع العملي والاضطلاع بحملات إعلامية وقائية.	The Committee recommends that the State party continue with its current efforts to address HIV/AIDS concerns, including through the continuous use of effective monitoring and prevention mechanisms.
وتعرب اللجنة أيضا عن قلقها لعدم وجود استراتيجية شاملة لمكافحة جميع أشكال العنف ضد المرأة.	The Committee is also concerned by the absence of a comprehensive strategy to combat all forms of violence against women.
5 - ورغم ذلك، ينبغي أن نلاحظ أن 70 دولة تأخرت عن المواعيد المحددة لتقديم تقارير كل منها.	Nevertheless, it should also be noted that 70 States have missed the deadlines for submission of their respective reports.
وإلى أن نتمكن من توفير الأمن بأنفسنا، بما في ذلك الدفاع عن أرض العراق، وبحره وفضائه الجوي، نطلب دعم مجلس الأمن والمجتمع الدولي لسعينا هذا.	Until we are able to provide security for ourselves, including the defence of Iraq\'s land, sea and air space, we ask for the support of the Security Council and the international community in this endeavour.
ويمكن للجمهور أن يطلع على معظم هذه السجلات الحكومية بعد انقضاء 30 عاماً عليها، على الرغم من أن بإمكان رئيس أمانة الإدارة الموافقة على استثناءات لذلك.	Most public records are open to public inspection when they are 30 years old, though the Chief Secretary for Administration may approve exceptions to this rule.
”البيانات والمعلومات المتملكة والسرية	“Proprietary data and information and confidentiality
تقريـر تركمانستان عن التدابير المتعلقة بتنفيـذ قرار مجلس الأمن التابع للأمم المتحدة 1526 (2004)	Report by Turkmenistan on measures to implement Security Council resolution 1526 (2004)
وإن بعض المبادرات التنظيمية الأخرى ذات الصلة بتعزيز الحوكمة جارية مجراها، بما في ذلك إطار المساءلة، والإدارة القائمة على النتائج، وإدارة مخاطر المؤسسة، وإطار المراقبة الداخلية.	Other organizational initiatives related to strengthening governance remain very much a work in progress, including the accountability framework, results-based management, enterprise risk management and the internal control framework.
مجموعة دول أوروبا الغربية ودول أخرى	Group of Western European and Other States
89 - اتخذ الاتحاد الفيدرالي الروسي إجراءات تشريعية لفرض ضوابط صارمة على إنتاج وإصدار الأسلحة الصغيرة والأسلحة الخفيفة حتى قبل أن يُقرّ برنامج العمل.	The Russian Federation had taken legislative measures to impose strict controls on the production and export of small arms and light weapons even before the Programme of Action had been adopted.
ونحن نعرف الأسباب المحددة التي تفسر الحالة الراهنة، لكننا نوصي الأمين العام بإيجاد حل وفقا لأية أنماط قد يرغب في وضعها.	We know the specific reasons explaining the current situation, but we recommend that the Secretary-General find a solution in accordance with the modalities that he decides to set forth.
18 - ولا تزال الاحتياجات من الموظفين للأمانة العامة في جميع أنحاء العالم تنمو باستمرار على مر السنين، وهذا ما يدعم رأي الأمانة العامة القاضي بأن تنفيذ التعيينات المستمرة من دون إرساء حد أقصى لعدد التحويلات لن يؤثر سلبا على المسؤولية المالية للمنظمة في المستقبل.	The staffing requirements of the global Secretariat have grown continuously over the years, which supports the Secretary-General\'s view that the implementation of continuing appointments without establishing a ceiling on the number of conversions would not affect negatively the financial liability of the Organization in the future.
ويحدونا الأمل في أن يقدم مرتكبوه إلى العدالة في أقرب وقت ممكن.	We hope that the perpetrators will be brought to justice as quickly as possible.
الجرائم الاقتصادية‏	Economic criminality
2 - ويقدَّم هذا التقرير والتوصيات الواردة فيه بناء على ذلك الطلب.	This report and the recommendations contained therein are submitted pursuant to that request.
ومن أجل تقاسم خبرات عملية الانتقال السياسية والاقتصادية المعقدة والمؤلمة أحياناً، أنشأت هنغاريا معهداً، هو المركز الدولي للتحول الديمقراطي، إيماناً منها بأن دعم عملية انتقال ديمقراطي متعددة الأوجه من الديكتاتورية إلى الديمقراطية يشكل إحدى الدعائم التي يقوم عليها عالم أكثر استقراراً وأماناً.	In order to share the experiences of the complex and sometimes painful process of political and economic transition, Hungary has established an institute, the International Centre for Democratic Transition in the belief that supporting a multifaceted process of democratic transition from dictatorship to democracy is one of the cornerstones of a more stable and safer world.
3- تؤكد الأمانة تلقيها لتأكيد السرية وتقدم إلى الطرف ضماناً خطياً بحماية المعلومات وفقاً لهذه الإجراءات.	The secretariat shall confirm receipt of an assertion of confidentiality and provide a written assurance to the Party that the information will be protected in accordance with these procedures.
يوضح التقرير الثاني المقدم من حكومة جمهورية إندونيسيا التطورات التي وقعت منذ تقديم التقرير الأول في 21 كانون الأول/ديسمبر 2001.	The Second Report of the Government of the Republic of Indonesia clearly elaborates the developments made since the submission of the First Report on 21 December 2001. The promulgation and enactment of Law No.
11- ومثلت المنظمات الدولية - الحكومية التالية بمراقبين: مجلس أوروبا، مجلس الاتحاد الأوروبي، مجلس التعاون الجمركي (يسمى أيضاً منظمة الجمارك العالمية)، اللجنة الأوروبية، مكتب الشرطة الأوروبية (يوروبول)، المركز الدولي لتطوير سياسات الهجرة، المنظمة الدولية للشرطة الجنائية، المنظمة الدولية لشؤون الهجرة، برلمان أمريكا اللاتينية، جامعة الدول العربية، المجموعة اللا إقليمية للمشرفين المصرفيين، منظمة حظر الأسلحة الكيميائية، منظمة فرسان مالطا العسكرية المستقلة.	The following intergovernmental organizations were represented by observers: Council of Europe, Council of the European Union, Customs Co-operation Council (also called the World Customs Organization), European Commission, European Police Office (Europol), International Centre for Migration Policy Development, International Criminal Police Organization, International Organization for Migration, Latin American Parliament, League of Arab States, Offshore Group of Banking Supervisors, Organisation for the Prohibition of Chemical Weapons and Sovereign Military Order of Malta.
وتابع قائلا إنه جرى أيضا تبادل وجهات النظر مع خبراء اليونيدو بخصوص إمكانية التعاون في مشروع للنسيج.	Views had also been exchanged with UNIDO experts on the possibility of cooperation on a textile project.
• عند وضع البرامج دون الإقليمية لبناء السلام ينبغي أن يكون هناك تعاون وثيق بين الحكومات والشركاء الوطنيين والدوليين، لا سيما المؤسسات دون الإقليمية.	• In developing subregional peace-building programmes, there should be close collaboration with Governments, national and international partners and especially subregional institutions.
كما أن النساء ممثلات في الجيش، ويحتلن مناصب كبار المسؤولات التنفيذية في الشركات، والمستشفيات والمدارس.	Women are represented in the army. They are chief executive officers of companies, hospitals and schools.
الأمم المتحدة E	Economic and Social
وهي أيضا إحدى الوسائل لتقييم احتياجات الدول لتحديد كيفية تقديم المساعدات التقنية بطريقة فعالة وعاجلة.	It is also one way of assessing the needs of States and thereby determining how efficiently and expeditiously technical assistance can be channelled.
وكما يمكن أن يكون أعضاء المجلس قد شاهدوا من خلال وسائط الإعلام، إن الحكومة تحظى عموما بقبول من الشعب العراقي.	As Council members may have seen through the media, that Government is generally found to be acceptable by the Iraqi people.
المصدر: المكتب الوطني للخدمة المدنية.	Source: National Office of the Civil Service.
30 - يتضمن دستور باكستان قدرا هاما من حقوق الإنسان.	Pakistan ratified the UN Convention on the Rights of the Child in November 1990, entering a general reservation to the Convention "Provisions of the Convention shall be interpreted in the light of the principles of Islamic laws and values".
(وقد ورد هذا الاتفاق حرفيا في النقطة 2-5 من رسالة الممثل الدائم لتايلند المشار إليها أعلاه).	(This agreement was reflected verbatim in point 2.5 of the letter from the Permanent Representative of Thailand referred to above.
الأحد، 28 آذار/مارس 2004	Sunday, 28 March 2004
وتعد حاليا عدة مشاريع ترمي إلى زيادة تحسين الحماية من تزوير تراخيص الإقامة للأجانب ووثائق السفر.	A number of plans aimed at enhancing efforts to prevent the forgery of alien residence permits and travel documents are under preparation.
7- وعلاوة على ذلك، يطالب الصناع بالحد من احتمالات العطل في الانفجار إلى الحد الأدنى الممكن، وأن تتوفر في جميع أسلحة التشتيت آليات للتدمير الذاتي.	Moreover, manufacturers are required to minimize failure rates and to ensure that all cluster munitions are equipped with self-destruction mechanisms.
الاتفاقية الدولية لقمع أعمال الإرهاب النووي - نيويورك، 13 نيسان/أبريل 2005	International Convention for the Suppression of Acts of Nuclear Terrorism. New York, 13 April 2005
الفقرتان الفرعيتان 1 (أ) و 1 (ب)	Subparagraphs 1 (a) and 1 (b):
التوازن بين الجنسين	Gender balance
15/13-45/14 جلسة مغلقة غرفة الاجتماعات C	1.15−2.45 p.m. Closed meeting Conference Room C
Commission on Human Rights resolutions 1991/38, 1992/32, 1993/40 and 1994/37.	Commission on Human Rights resolutions 1991/38, 1992/32, 1993/40 and 1994/37.
أما موريتانيا، وهي من أقل البلدان نمواً، فيتوقع أن تزيد النطاق الذي يغطيه التثبيت.	Mauritania, as an LDC, is expected to increase its binding coverage.
وعلى النحو المشار إليه في الجدول الوارد أعلاه، انخفض مستوى الملاك الوظيفي المقترح بما عدده 310 وظائف.	As indicated in the table above, the proposed staffing level has been decreased by 310 posts.
السيد برونو سيما (ألمانيا)	international organizations and the articles on
إذ أُجري تقييم مواضيعي عن لامركزية الحكم المحلي بالاشتراك مع ألمانيا.	A thematic evaluation on decentralization local governance was conducted in partnership with Germany.
وفيما شكلت الرعاية الصحية والوقاية هدفا وغاية تحظى بالأولوية حسبما صرحت بـه برامج دولية وإقليمية ووطنية عديدة، فإن أسلوب التعامل معها يفتقر تماما إلى الاتساق.	While health care and prevention have been a target and a priority goal stated by many international, regional and national programmes, they are not being tackled with any consistency.
وتساهم موارد أخرى بشكل هام في عمل المنظمة بصفة عامة، ولا سيما في البلدان التي تتوفر فيها الموارد الأخرى بكميات كبيرة مثل البرازيل.	Other resources contributed significantly to the organization at large, particularly in countries with high volumes of other resources, such as Brazil.
2 - تضمَّن تقرير مجلس مراجعي حسابات الأمم المتحدة عن فترة السنتين 2004-2005 سبع مسائل جديرة بالتركيز عليها تخص تسع قضايا رئيسية.	The report of the United Nations Board of Auditors for the 2004-2005 biennium contained seven matters of emphasis on nine major issues.
وترى إكوادور أن اثنتي عشرة عاما من المفاوضات بشأن هذه المسائل وقت طويل جدا كبّد المنظمة بالفعل مبالغ طائلة، بالإضافة إلى الجهود الضخمة التي بذلتها جميع الوفود.	Ecuador feels that 12 years of negotiations on these matters is too much time and has already cost the Organization an enormous amount of money as well as untold efforts on the part of all delegations.
وأرجو ممتنا تعميم هذه الرسالة باعتبارها من وثائق الدورة الستين للجمعية العامة في إطار البندين 14 و 15 من جدول الأعمال، ومن وثائق مجلس الأمن.	I should be grateful if you would have the text of the present letter circulated as a document of the sixtieth session of the General Assembly, under agenda items 14 and 15, and of the Security Council.
والغرض من ذلك هو ضمان الاعتراف للعمال المهاجرين وأفراد أسرهم من أصحاب الحقوق بجميع الفترات المسجلة لأغراض إثبات حقوقهم في المستحقات والحفاظ عليها (والحسابات المتعلقة بها) وفقاً لقوانين الدول الأعضاء، وأن تدفع المستحقات للأشخاص المقيمين في الدول الأعضاء.	The purpose is to ensure that migrating workers and eligible members of their families are guaranteed that all periods registered for the purposes of establishing and maintaining rights to benefits (and the calculation thereof) in accordance with the laws of Member States are recognized, and that benefits are paid to persons residing in Member States.
كوالالمبور، ماليزيا	Kuala Lumpur, Malaysia
قائمة المرشحين المقدمة من الدول الأطراف	List of candidates nominated by States parties
ومن شأن ذلك أن ييسر مبادرات الإصلاح داخل تلك المنظمات، وأن يشجع اجتذاب واستبقاء أفضل المرشحين للوظائف، وأن يعزز تنقل الموظفين، وأن يدعم الموظفين من خلال معالجة ما لديهم من شواغل تتعلق بالعمل والحياة.	This would, inter alia, facilitate the reform initiatives within United Nations system organizations, encourage the attraction and retention of the best candidates for jobs, enhance staff mobility, and support staff in terms of their work/life concerns.
• 16 أيار/مايو 2007: مقرر بتوجيه دعوة للمؤسسات المانحة، عملا بالفقرة 9 من القرارين 60/180 و 1645 (2005)؛ مناقشة بشأن حالة المساهمات في صندوق بناء السلام.	• 16 May 2007: Decision to extend invitation to institutional donors, pursuant to paragraph 9 of resolutions 60/180 and 1645 (2005); discussion on the status of contributions to the Peacebuilding Fund.
كما أنه يمنح ما يسمى التنقل ”عبر الممر“ (أي التنقل داخل الإدارة نفسها) نفس القيمة التي يمنحها للتنقل الجغرافي.	Furthermore, it accords the same value to the so-called “across-the-corridor” mobility as it does to geographical mobility.
27 - وأشار المجلس إلى أن المعالجة المحاسبية الفعلية فيما يتعلق بالأراضي والمباني لا تتفق مع السياسة المحاسبية المعلنة للأونروا، البند 10-4 من النظام المالي للوكالة، والفقرة 49 من المعايير المحاسبية لمنظومة الأمم المتحدة.	The Board noted that the actual accounting treatment in respect of land and buildings was not in accordance with the stated accounting policy of UNRWA, the Agency\'s financial regulation 10.4 and paragraph 49 of the United Nations system accounting standards.
وتقوم الشعبة بإصدار وتحديث المبادئ التوجيهية والأدلة والمعايير المتعلقة بالجوانب ذات الصلة لإدارة البرامج ورصد النتائج والتقييم.	The Division will issue and update guidelines, manuals and standards pertaining to relevant aspects of programme management, results monitoring and evaluation.
ورغم استمرار حدوث مشاكل اتصال وتنسيق أساسية، واصلت البعثة تحديد التطورات الإيجابية.	Although basic communication and cooperation problems still occur, the Mission continued to identify positive developments.
وقد أدّت هذه العوامل إلى تصاعد حاد لخطر تعرض مخزونات المنتجات السمية والمواد الكيميائية الخطرة إلى التدمير مما يؤدي إلى انفلاتها في البيئة.	These factors lead to an exponential increase in the risk of stockpiles of toxic products and dangerous chemicals being destroyed and thus released into the environment.
6 - وخلال الفترة المشمولة بالتقرير، جرى فتح 611 قضية جديدة.	Over the reporting period, 611 new cases have been opened.
ولا أخفيكم، سيدي الرئيس، مدى صعوبة الظروف التي تمر بها القيادة الفلسطينية والإهانة اليومية التي يتعرض لها الشعب الفلسطيني تحت الحصار والإغلاق وحظر التجول المكثف الذي تمارسه قوات الاحتلال بحقه.	I will not be giving away any secrets if I recall the difficult circumstances under which the Palestinian leadership is living, the daily humiliation of the Palestinian people under siege, closures and the strict curfew imposed on them by the occupying forces.
وفي الوقت الحاضر يجري تناول كثير من المسائل، ومنها على سبيل المثال معايير الاستدامة لأغراض مختلفة، بشكل مستقل رغم أوجه التفاضل الواضحة الموجودة بينها.	At present many issues, e.g. sustainability criteria for various purposes, are being addressed separately despite the evident trade-offs between them.
محضر موجز للجلسة الرابعة والعشرين	Summary record of the 24th meeting
• منسقة مشروع البنك الدولي للتقييم القطري للقضايا الجنسانية، والباحثة الرئيسية في المشروع “سد الفجوة الجنسانية في تركيا: أحد معالم التنمية الاقتصادية الاجتماعية السريعة”، 2002-2003.	○ Coordinator and main researcher of the World Bank Country Gender Assessment “Bridging the Gender Gap in Turkey: A Milestone Towards Faster Socio-economic Development”, 2002-2003.
وعندما أعود إلى النص يمكنني أن أقول كأنه يتحدث عما تمارسه إسرائيل نفسها من هجمات عبر الحدود وعمليات إرهابية واختطاف.	When I look at the text of his statement, it seems that he could be talking about what Israel itself is doing.
1- تكفل كل دولة طرف أن يراعي قانونها الداخلي الحاجة إلى مكافحة الفساد وأن ينص، خصوصا، على سبل انتصاف فعالة للأشخاص الذين تتأثر حقوقهم ومصالحهم بالفساد، بغية تمكينهم من الحصول، وفقا لمبادئ قانونها الداخلي، على تعويضات عن الأضرار.	Each State Party shall ensure that its domestic law takes account of the need to combat corruption and provides, in particular, effective remedies for persons whose rights and interests are affected by corruption in order to enable them to obtain, in accordance with the principles of its internal law, compensation for damages.
وهذا المركز يوفر المعارف والخبرات التي تحتاجها قوات الشرطة من أجل زيادة التنوع.	The LECD provides the knowledge and expertise the police forces require to achieve increased diversity.
وسأبذل قصارى جهدي حتى لا أخذل شعبي ولا أخون الأمانة التي عهد بها إلي.	I will do my best not to fail our people and not to betray their trust.
108 - وأكدت وفود كثيرة من جديد على أنه يتعين على مكتب خدمات المشاريع أن يكون جهة تقدم الخدمات إلى هيئات منظومة الأمم المتحدة في مجال تنفيذ المشاريع، وأن يعمل مع البرنامج الإنمائي لمنفعة البلدان التي تنفذ فيها البرامج.	Many delegations reaffirmed that UNOPS should be a service provider in project implementation for organizations of the United Nations system, working with UNDP, to the benefit of programme countries.
ويعاد ترتيب مؤشر الإنجاز (أ) \'1` ليصبح المؤشر (أ).	Redesignate indicator (a) (i) as indicator (a).
الشعوب الأصلية	Aboriginal people
التوصيات 116 إلى 119 (الفائض والنقص)	Recommendations 116 to 119 (surplus and shortfall)
جيم - التحليل والتقييم	Analysis and valuation
البند 129 من القائمة الأولية**	Item 129 of the preliminary list**
واقتناعاً منها بضرورة قيام الحكومات بمكافحة الإفلات من العقاب عن طريق التصدي للانتهاكات السابقة أو الجارية واتخاذها تدابير تهدف إلى الحيلولة دون تكررها،	Convinced of the need for Governments to combat impunity by addressing past or ongoing violations, taking measures aimed at preventing their recurrence,
(د) التماس المساعدة التقنية من جهات منها برنامج الأمم المتحدة المشترك بشأن مرض الإيدز.	(d) Seek technical assistance, among others, with the United Nations Joint Programme on HIV/AIDS (UNAIDS).
وإذ تشير مع الارتياح إلى إنشاء اللجنة المعنية بدراسة الوضع السياسي المقبل التي بدأت عملها في حزيران/يونيه 2006 لدراسة الأشكال البديلة للوضع السياسي المقبل المتاحة أمام ساموا الأمريكية وتقدير مزايا وعيوب كل منها؛	Noting with satisfaction the establishment of the Future Political Status Study Commission, which began its work in June 2006, to study alternative forms of future political status open to American Samoa and assess the advantages and disadvantages of each,
وفي الجلسة 1700 (CERD/C/SR.1700)، المعقودة في 11 آذار/مارس 2005، اعتمدت اللجنة الملاحظات الختامية التالية.	At its 1700th meeting (CERD/C/SR.1700), held on 11 March 2005, it adopted the following concluding observations.
`3` العلامات والأعراض التي تدل على وجود جرائم مرتكبة في حق الأطفال؛	(iii) Signs and symptoms that point to evidence of crimes against children;
وقد أقرت خطة الأولويات في شباط/فبراير 2009 بحافظة تمويل أولية حُددت بمبلغ 6 ملايين دولار، وترمي إلى ضمان الحوار الوطني المستدام والمنفتح، ودعم تعزيز حقوق الإنسان، والتثقيف المدني، وإصلاح القطاع الأمني، وتعزيز مشاركة النساء والشباب في منع النزاع وبناء السلام.	The priority plan was approved in February 2009 with an initial funding envelope set at $6 million, aimed at ensuring inclusive and sustainable national dialogue, supporting human rights promotion, civic education and reform of the security sector, and strengthening the contribution of women and youth to conflict prevention and peacebuilding.
إننا نود تذكير المجتمع الدولي بأن رواندا وفت بكافة التزاماتها وانسحبت بالكامل من الكونغو، وفقا لأحكام اتفاقي لوساكا وبريتوريا.	We would like to remind the international community that Rwanda fulfilled all its obligations and has fully withdrawn from the Congo, according to the terms of the Lusaka and Pretoria agreements.
المعارضون: لا أحد.	Paragraph 3 of the draft resolution was orally revised by the representative of Canada.
فكيف سأستحث، بصفتي رئيسية، الإرادة السياسية لدى الوفود الرئيسية لسد الفجوة التي لا تزال تفصلنا عن العمل المثمر؟ وفي حين أني لا أقطع وعوداً عريضة بخصوص إيجاد هذه الوصفة السحرية، فإنني مع ذلك سأبذل قصارى جهدي لدفع الوفود إلى مؤتمر نزع السلاح نحو الاتفاق بتوافق الآراء على برنامج عمل متوازن ومقبول من الجميع.	How do I as President find the political will among key delegations to close that gap which still separates us from productive work? While I make no great promises to be able to bring out this magic formula, I will nevertheless exert maximum efforts to bring the delegations of the CD towards consensual agreement on a programme of work that is balanced and acceptable to all.
ولمساعدة أفريقيا وأقل البلدان نمواً بصفة خاصة، اقترح الأونكتاد خمسة مشاريع مساعدة تقنية في مجال التأمين في أفريقيا.	In order to assist Africa and LDCs in particular, UNCTAD has proposed five technical assistance projects in the area of insurance for Africa.
ويتم اختيار هذين الأخيرين على أساس اختصاصهما واهتمامهما بقضايا الطفولة.	They are chosen for their competence and for their interest in issues affecting children.
15 - وأحاطت المقررة الخاصة علما، بصورة خاصة، بالتعليق العام 15 الذي أبدته للجنة حقوق الإنسان وجاء فيه، ضمن أمور أخرى، أن للأجانب حقا أصيلا في الحياة ولا يجب إخضاعهم للتعذيب أو للمعاملة القاسية أو اللاإنسانية أو المهينة أو للرق.	The Special Rapporteur has taken particular note of General Comment 15 of the Human Rights Committee, which states, inter alia, that aliens have an inherent right to life and must not be subjected to torture, to cruel, inhuman or degrading treatment or to slavery.
وهذه الطلبات، لأنها تنشأ بالضبط في هذه الظروف العسيرة، ينبغي أن تعالج بجدية كبيرة من جانب المقررين وأن تعالج بجدية كبيرة بنفس القدر من جانب الحكومات المعنية.	requests, precisely because they arise in such difficult circumstances, should always be approached with great seriousness by the rapporteurs and equally treated with great seriousness by the Governments concerned.
(لاسكو ضد الأمين العام للأمم المتحدة)	(Lascu against the Secretary-General of the United Nations)
فهي تتيح لي فرصة ممتازة لتبادل الآراء فيما يتعلق بهذه المسألة المعقدة، وتقدم نظرات جديدة في ظاهرة الهجرة العالمية.	It gives us an excellent opportunity for an exchange of views on this complex issue, providing new insights into the global phenomenon of migration.
88- وفي بعض المطالبات، وفي وقت فقدان البضائع قد يكون الحق في ملكية البضائع أو خطر فقدانها قد انتقل إلى الطرف الآخر بموجب العقد(39).	In certain claims, at the time the goods were lost, the title to the goods or the risk of loss may have already passed to the other party under the terms of the contract.
وقال إن اللجنة قد ترغب في إدراج جملة ”أو أنهم مرتبطون بشكل وثيق بالقوات المسلحة“ بعد جملة ”لا يؤدون مهام عسكرية“ في الفقرة 23.	The Committee might wish to insert in paragraph 23, after the words “not performing military tasks”, a phrase along the lines of “or otherwise intimately linked to the armed forces”.
(7) ودعت اللجنة الفرعية ممثلي الإيسا واليونسكو وسائر الهيئات المشاركة في تلك المبادرة، وكذلك الحكومات، أن تقدم إلى اللجنة الفرعية في دورتها الأربعين عروضا لتجاربها في هذا الصدد.	The Subcommittee invited representatives of ESA, UNESCO and other bodies participating in that initiative, as well as Governments, to present their experiences to the Subcommittee at its fortieth session.
ويتعلق الأمر كما يلاحظ بحرب حقيقية.	This shows clearly that a real war was in progress.
وسيضطلع شاغل الوظيفة المقترحة بالمشاركة في وضع وغرس استراتيجيات اتصال تستند إلى عمليات التخطيط الاستراتيجي والمنهجي للقوى العاملة للإدارات؛ والمساعدة في إدارة أنشطة الاتصال، بما في ذلك حملات التوظيف الاستباقية والمحددة الهدف؛ وتقديم التوجيه لمديري البرامج فيما يتعلق بالاتصال والتوظيف الاستراتيجي؛ والمساعدة في الإبقاء على شراكات مع كيانات خارجية لتوريد مرشحين محتملين؛ وتنسيق أنشطة إعلامية ودعائية؛ ووضع وتنفيذ سياسات وممارسات وإجراءات جديدة في مجال الموارد البشرية من أجل الوفاء بالاحتياجات المتنامية للمنظمة، ولا سيما الاحتياجات المتعلقة بالاتصال والتوظيف الاستراتيجي.	The incumbent of the proposed post will participate in the development and implantation of outreach strategies based on strategic and systematic workforce planning exercises for departments; assist in managing outreach activities, including proactive and targeted recruitment campaigns; provide guidance to programme managers on outreach and strategic staffing; assist in maintaining partnerships with external entities for sources of potential candidates; coordinate public information and advertising activities; and develop and implement new human resources policies, practices and procedures to meet the evolving needs of the Organization, in particular those pertaining to outreach and strategic staffing.
كما عملت الممثلة الخاصة على تطوير تحليلها في هذا المجال عن طريق معالجة أثر التشريعات الأمنية على المدافعين عن حقوق الإنسان ودورهم ووضعهم في حالات الطوارئ (A/58/380).	She also developed her analysis in this area by addressing the impact of security legislation on defenders and the role and situation of defenders in emergencies (A/58/380).
5- ستهدف المناقشات التي تجرى في إطار هذا البند الموضوعي إلى مساعدة الدول الأعضاء في الأونكتاد على تحقيق فهم أفضل لمسألة التجارة في خدمات الطاقة وتأثيرها على التنمية.	The discussions under this substantive item will be aimed at assisting UNCTAD member States to have a better understanding of trade in energy services and its impact on development.
وهو واثق بأن ذلك يمكن أن يحقق.	He was confident that that could be achieved.
وأوصى في تقريره المقدم إلى لجنة حقوق الإنسان بأن "المشاريع الإنمائية الرئيسية" لا ينبغي أبداً التعامل معها في المقام الأول بصفتها مشكلة تتعلق بالأمن الوطني أو القانون أو النظام لأن ذلك كثيراً ما يُفضي إلى تدخل الجيش أو الشرطة اللذين قد ينتهكان حقوق الإنسان للمجتمعات المحلية الأصلية" E/CN.4/2003/90)).	In his report to the Commission on Human Rights, he recommended that major development projects “should never be handled primarily as a problem of national security or law and order, as that often leads to military or police action that may violate the human rights of indigenous communities” (E/CN.4/2003/90).
(138) دستور ملاوي، الباب 4 (3).	Malawi Constitution, section 41(3).
68- وقال إن اليونيدو قدمت إسهاما مهما في الاجتماعات التي عقدها مؤخرا المجلس الاقتصادي والاجتماعي للأمم المتحدة.	UNIDO had made an important contribution to the recent meetings of the United Nations Economic and Social Council.
33- وفي الجلسة الثالثة، بحث الفريق العامل المخصص الاستنتاجات() التي اقترحها الرئيس واعتمدها.	At its 3rd meeting, the AWG-LCA considered and adopted conclusions proposed by the Chair.
المحتويات	Contents
45- أبدت اللجنة قلقها إزاء التمييز الذي تتصور وجوده في قانون العودة الإسرائيلي.	The Committee noted its concern over the discrimination it perceived in Israel\'s Law of Return.
وفي 9 شباط/فبراير 2001، حددت اللجنة الإجراءات المتعلقة باستثناء المعونة الإنسانية في إطار القرار 1333 (2000) فيما يتصل بهذه المنظمات والوكالات.	On 9 February 2001, the Committee outlined the procedures for humanitarian aid exemption under resolution 1333 (2000) for such organizations and agencies.
(بآلاف دولارات الولايات المتحدة)	(Thousands of United States dollars)
الفقرة 2 (و):	— par. 2 (f):
ومن هذه القرارات قرارات حول النازحين الفلسطينيين وقـــد طلبـــت إعادة هؤلاء إلى منازلهم. النازحين عام 1967 - وليس اللاجئين.	Among the resolutions in question, some relate to the displaced Palestinian people, not the refugees, but the displaced people of the 1967 war.
وسيعتمد المنحى المتخذ في كل بلد على ظروف محددة، إلا أنه توجد في الأساس ثلاث خطوات محتملة: التعرف على بيانات الدراسات الاستقصائية القائمة، وتوثيقها، ونشرها؛ وتحليل البيانات القائمة وتقييم البرنامج الاستقصائي السابق؛ وتنقيح البرامج الاستقصائية لتتماشى مع الاستراتيجيات الوطنية، ووضع برنامج أكثر كفاءة وفعالية عند الاقتضاء.	The approach to be taken in each country will depend on specific circumstances, but essentially there are three possible steps: identify, document and disseminate existing survey data; analyse existing data and assess the past survey programme; and review survey programmes in line with the national strategy, and if appropriate develop a more efficient and effective programme.
وفي حين يتم تناول التكيف بشكل عام من خلال خطط إدارة الجفاف واستراتيجيات المواجهة، ينبغي أن يدار التأهب في الأساس من خلال استحداث التنبؤات المناخية ونظم الإنذار المبكر.	While adaptation has generally been tackled through drought-management plans and coping strategies, preparedness should be managed mainly through the development of climate predictions and early warning systems.
السيد باخا (الفلبين) (تكلم بالانكليزية): نحن أيضا نود أن نشكر معالي وزير خارجية صربيا والجبل الأسود، الذي انضم إلينا هذا الصباح لمناقشة الحالة في كوسوفو.	Mr. Baja (Philippines): We too wish to thank His Excellency the Foreign Minister of Serbia and Montenegro, who has joined us this morning for a discussion on the situation in Kosovo.
وتوفالو تهنئكم بحرارة، سيدي، على انتخابكم لهذا المنصب الجليل وتثني بشدة على الرئيس السابق لقيادته وبخاصة أثناء سنة مليئة بالتحديات التي واجهتها المنظمة.	Tuvalu warmly congratulates you, Sir, on your election to the high office and commends highly the outgoing President for his leadership, especially during a very challenging year for the Organization.
25- رحَّبت الهيئة الفرعية بتقرير فريق الخبراء المعني بنقل التكنولوجيا لعام 2008() الذي تضمن نتائج مشاوراته مع المنظمات الدولية المختصة بشأن قدرتها على دعم الأنشطة المحددة المُدرجة في المرفق الأول للمقرر 3/م أ-13.	The SBSTA welcomed the report of the EGTT for 2008,14 which includes the findings of its consultations with relevant international organizations on their abilities to support the specific activities listed in decision 3/CP.13, annex I.
وأبرز التقرير التحديات الاجتماعية - الديمغرافية للتحضر في الألفية الجديدة.	The report highlighted the socio-demographic challenges of an emerging urban millennium.
45 - وعلى الرغم من أن الإطار التحليلي موضح بمزيد من التفصيل في أماكن أخرى، يمكن تلخيص عناصره الرئيسية باختصار شديد كما يلي:	While the analytical framework is set out in more detail elsewhere, its key elements may be very briefly summarized as follows:
(ج) قضايا المحاسبة الاجتماعية؛	(c) Social accounting issues;
فالمادة 27 من العهد تنص على أنه لا يجوز في الدول التي توجد فيها أقليات إثنية أو دينية أو لغوية أن يحرم الأشخاص المنتسبون إلى الأقليات المذكورة من حق التمتع بثقافتهم الخاصة أو المجاهرة بدينهم أو إقامة شعائره أو استخدام لغتهم، بالاشتراك مع الأعضاء الآخرين في جماعتهم.	Article 27 of the Covenant provides that, in those States in which ethnic, religious or linguistic minorities exist, persons belonging to these minorities shall not be denied the right, in community with the other members of their group, to enjoy their own culture, to profess and practise their own religion, or to use their own language.
النواتج	Outputs
106 - في الجلسة 37، المعقودة في 21 تموز/يوليه، كان معروضا على المجلس مشروع المقرر الثاني الذي أوصت به اللجنة، وعنوانه ”الطلب المقدم من الاتحاد الوطني للمثليات والمثليين وحاملي صفات الجنس الآخر ومشتهي الجنسين“ (انظر E/2008/32 (Part I)، الفصل الأول - باء).	At its the 37th meeting, on 21 July, the Council had before it draft decision II recommended by the Committee, entitled “Application of Federación Estatal de Lesbianas, Gays, Transexuales y Bisexuales” (see E/2008/32 (Part I), chap.
70- وبصفة أعم، فإن مفهوم المحاكمة المنصفة مفهوم أساسي لحسن تطبيق مبدأ عدم جواز الحكم مرتين على نفس الفعل ولحسن سير اتفاقات تسليم المجرمين.	More generally, the concept of “fair trial” is basic for the effective implementation of the principle non bis in idem and for the smooth functioning of extradition agreements.
وأعرب أيضاً عن صادق شكري للرئيس السابق.	I also express my sincere thanks to the outgoing President.
ومن المهم بصورة خاصة زيادة الجهود الرامية إلى تنفيذ إعلان باريس بشأن فعالية المعونة وبرنامج عمل أكرا (A/63/539، المرفق) حيث أن المستفيدين من المعونة يحتاجون إلى تمويل مرن يمكن التنبؤ به ويتماشى مع الأولويات الوطنية.	Increased efforts to implement the Paris Declaration on Aid Effectiveness and the Accra Agenda for Action (A/63/539, annex) are particularly important, as aid recipients need predictable and flexible funding that is aligned with national priorities.
وأوضح البرنامج الإنمائي أنه لم تدرج أي بيانات في عمود الأسماء عند تسجيل المعاملات في النظام.	UNDP explained that when the transactions were recorded into the system nothing had been entered in the name column.
ووصف أحد الوفود إدارة شؤون الإعلام بأنها “الحبل السري” الذي يربط المنظمة بالعالم الخارجي.	One delegation characterized the Department as “the umbilical cord” that tied the Organization to the outside world.
إلا أنه، حيثما يكون اعتماد تعديل ما منطويا بالضرورة على رفض تعديل آخر فإن هذا التعديل الأخير لا يطرح للتصويت.	Where, however, the adoption of one amendment necessarily implies the rejection of another amendment, the latter shall not be put to the vote.
ويبدأ الطلب إلى الخدمة الإلزامية من بداية السنة التي يصبح فيها عمر الفرد 19 سنة. ومن يبلغ الأربعين يعفى من الخدمة العسكرية.	Individuals are called up for military service from the beginning of the year in which they reach the age of 19, and persons aged 40 years or over are exempt from military service.
وبعد أن وجه سفير كولومبيا رسالة مؤرخة 3 كانون الثاني/يناير 1949 لإخطار وزير خارجية بيرو، وفقا للبند الثاني من المادة 2 من الاتفاقية التي تحدد القواعد الواجب إتباعها لمنح حق اللجوء والتي وقعها البَلَدان في هافانا عام 1928، بأن السيد هايا دي لا توري موجود ”بصفة لاجئ في مقر البعثة التي يرأسها“، ووجه رسالة أخرى في 14 كانون الثاني/يناير، يشير فيها إلى أنه، بناء على التعليمات التي تلقاها من وزارة خارجية بلده، فإن حكومة كولومبيا، بموجب الحق الذي تقرّ لها به المادة 2 من الاتفاقية المتعلقة باللجوء السياسي الموقعة بين البلدين بمونتيفيديو في 26 كانون الأول/ديسمبر 1933، ”تعتبر السيد فيكتور راوول هايا دي لا توري لاجئا سياسيا“().	The Ambassador of Colombia informed the Peruvian Minister for Foreign Affairs in a letter dated 3 January 1949 — in accordance with the second provision of article 2 of the Convention fixing the Rules to be observed for the Granting of Asylum, signed by the two countries at Havana in 1928 — that Mr. Haya de la Torre had “been given asylum at the seat of [the] mission” and stated in a further letter dated 14 January that, pursuant to instructions received from the chancellery of his country, the Government of Colombia, in accordance with the right conferred upon it by article 2 of the Convention on Political Asylum, signed by the two countries at Montevideo on 26 December 1933, had “qualified Señor Víctor Raúl Haya de la Torre as a political refugee”.
زميل قانوني أجنبي زائر، المركز القضائي الاتحادي بالولايات المتحدة، واشنطن العاصمة، تشرين الأول/أكتوبر 1997.	Visiting Foreign Judicial Fellow, United States Federal Judicial Center, Washington, D.C., October 1997.
49/214 المؤرخ 23 كانون الأول/ديسمبر 1994 42	paragraph 5 of General Assembly resolution 49/214
المجموع: لجنة الخبراء الفرعية المعنية بنقل البضائع الخطرة: 28 اجتماعا؛ لجنة الخبراء الفرعية المعنية بالنظام المتوائم على الصعيد العالمي لتصنيف المواد الكيميائية ووسمها: (10 اجتماعات؛ اللجنة: اجتماعان)	Total: Subcommittee of Experts on the Transport of Dangerous Goods: 28 meetings; Subcommittee of Experts on the Globally Harmonized System of Classification and Labelling of Chemicals: 10 meetings; Committee: 2 meetings
25 - وواصل حديثه قائلا إنه قد جرى الإقرار على نطاق واسع بأن نقص الموارد المالية هو أحد الصعوبات الرئيسية في تنفيذ جدول أعمال القرن 21، وبأن عدم التزام البلدان المتقدمة النمو بالتعهُّدات التي قطعتها على نفسها في مختلف مؤتمرات الأمم المتحدة ومؤتمرات القمة التي عُقِدت على مدى العقد الماضي هو عنصر أساسي في هذه المشكلة.	Lack of financial resources was widely acknowledged to be one of the major difficulties in implementing Agenda 21, and at the centre of that problem was the failure of the developed countries to honour their commitments made at the various United Nations conferences and summits of the past decade.
(ج) تنظيم حلقات دراسية لعرض استنتاجات الدورة الاستثنائية للجمعية العامة للأمم المتحدة المعنونة: ”المرأة في عام 2000: المساواة بين الجنسين والتنمية والسلام في القرن الحادي والعشرين“، ونشر استنتاجات الدورة باللغة القطالونية، بالتعاون مع المعهد القطالوني للمرأة (14 كانون الأول/ديسمبر 2000، برشلونة)؛	c) Organization of the seminars to present the conclusion of the Special Session of the General Assembly of the United Nations: "Women-2000: equality of the sexes, development and peace in the 21st Century, and the", and the publication of its conclusion in Catalan, together with the Catalan Institute for Women (14th December 2000- Barcelona)
34 - أبلغ مكتب خدمات الرقابة الداخلية في السابق عن عدد من المخالفات في أنشطة المشتريات الخاصة بإدارة عمليات حفظ السلام بما يشير إلى حدوث خرق منتظم لأنظمة الأمم المتحدة وقواعدها، وإلى ضعف نظم الرقابة الداخلية بوجه عام أو عدم وجودها، مما أدى إلى ارتفاع نسبة التعرض لخطر الغش وإساءة الاستعمال(16) ومن المشجع ملاحظة أن إدارة عمليات حفظ السلام تبذل بالفعل جهودا ترمي إلى الحد من هذه المخاطر، على نحو ما ناقشته الفقرة 20 أعلاه.	OIOS previously reported on a number of irregularities in procurement activities of the Department of Peacekeeping Operations indicating systematic breaches of United Nations regulations and rules and generally weak or non-existent internal control systems, which led to a high exposure to the risk of fraud and abuse.16 It is encouraging to note that the Department has already made efforts to mitigate such risks, as discussed in paragraph 20 above.
ووفقا لتقارير منظمة الأمم المتحدة للطفولة، يقدر أن معدل الأمية يبلغ 80 في المائة.	According to the United Nations Children\'s Fund, the illiteracy rate is estimated at 80 per cent.
إننا نواجه حالات حرجة.	We are facing critical situations.
15- وتلاحظ اللجنة مع القلق أنها لم تتلق معلومات كافية عن مركز وحالة اللاجئين وملتمسي اللجوء في الدولة الطرف، وبخاصة فيما يتعلق بحقوقهم في الحصول على وثائق هوية وشرط أن يقيم اللاجئون وملتمسو اللجوء في معسكرات خاصة، ما لم يحصلوا على تصريح خاص.	The Committee notes with concern that it did not receive sufficient information on the status and situation of refugees and asylum-seekers in the State party, in particular with regard to their right to identity documents and the requirement for refugees and asylum-seekers to reside in special camps, unless a special permit is granted.
36 - وقد أُجلت الانتخابات البلدية وانتخابات الزعماء التقليديين بسبب عدم توفر الموارد.	Municipal and chieftaincy elections have been delayed owing to a lack of resources.
• إقامة اتصالات أوثق مع رؤساء المراكز.	• Closer contact with heads of centre.
`2` النظم المستندة إلى العمولة	(ii) Commission-based systems
التبادل العام للآراء	General exchange of views
7- الوثائق والمنشورات 380-395 200	Legal consequences of an internationally wrongful act 200
(و) الغرض الذي تلتمس من أجله الأدلة أو المعلومات أو التدابير.	(f) The purpose for which the evidence, information or action is sought.
2-5 وفي مذكرة شفوية أخرى مؤرخة 30 تشرين الأول/أكتوبر 1995، قدمت السلطات الإيطالية طلباً إضافياً ثانياً لتسليمها صاحب البلاغ حتى تتمكن من محاكمته بتهمة جديدة تتعلق بالقتل وأخرى تتعلق بحيازة أسلحة.	On 29 July 2003, the author was informed that the investigation would be extended to his allegation that the Director of the Remand Centre did not allow him to complain to the police. On 17 September 2003, the Ombudsman closed the file, having established that the author was not denied an adequate diet, but had refused to eat because he wanted a special diet, which was eventually provided to him. He also found that the author had been allowed to complain to the police.
الموارد من أجل الطفل	Resources for Children
18 - وفي حين أن الصومال قد نجت حتى الآن من جفاف حاد ساد المنطقة، يعاني الجزء الشمالي الغربي من البلد من تدفق أسر وماشية تهاجر منذ كانون الثاني/يناير 2003 من شرقي منطقة شينيل وإقليم عايشا وريدا في إثيوبيا بحثا عن المراعي والمياه.	While Somalia has so far escaped the acute drought in the region, the north-western part of the country has been experiencing an influx of households and livestock migrating since January 2003 from the eastern Shinile zone and Aysha Woreda region of Ethiopia in search of pasture and water.
وإن اتفاق التنفيذ المتعلق بقضايا معينة تخص شؤون المحيطات، الذي أبرم في مرحلة لاحقة، قد عكس بوضوح نهجا يستهدف ضمان مشاركة واسعة من الدول في الاتفاقية.	The implementation Agreement for particular issues relating to ocean affairs, concluded at a later stage, clearly reflected an approach aimed at securing the wider participation of States in the Convention.
جلسات المجلس	Meetings of the Council
(د) موالاة تنفيذ برامج عمل التنمية المستدامة في البلدان النامية الجزرية الصغيرة (القراران 54/224 و 54/225 المؤرخان 22 كانون الأول/ديسمبر 1999)؛	(d) Further implementation of the Programme of Action for the Sustainable Development of Small Island Developing States (resolutions 54/224 and 54/225 of 22 December 1999);
5-1 تذكر صاحبة الشكوى في رسالتها المؤرخة 13 تشرين الأول/أكتوبر 2003 أن تقديم طلب ترخيص بغرض الاستئناف لدى هيئة الاستئناف هو مجرد إمكانية نظرية.	On 11 October 2000, the Federal Refugee Office refused his application and ordered his deportation from Switzerland.
73- وقامت الإدارة في إطار برنامجها الخاص بإدارة الكوارث بتنفيذ برامج مختلفة أيضاً كبرنامج المساعدة بتوفير المأوى الأساسي (CSA) وبرنامج المساعدة بتوفير المأوى في حالات الطوارئ (ESA)، وذلك بغية تلبية احتياجات عدد من الأسر التي أصبحت بدون مأوى نتيجة الكوارث الطبيعية والكوارث من صنع الإنسان.	The Department has also implemented various programmes under its Disaster Management Programme, such as the core shelter assistance (CSA) and emergency shelter assistance (ESA), to address the number of families rendered homeless due to natural and man-made disasters.
O\'Connell, International Law, vol. 2, p.	Reports, 1949, p. 4.
أُقر جدول الأعمال.	The agenda was adopted.
- تقديم الرعاية الصحية الخاصة للفتيات وإعدادهن ليصبحن أمهات.	M/21 of 6/9 A.H. 1389 (15 November 1969) provides for the protection of children in articles 160 to 163 of its chapter X entitled “Employment of Minors and Women”.
140- ولئن حظي إدراج الفقرة 2 في مشروع المادة 74 بالتأييد، فقد رئي من ناحية أخرى أن أي محاولة لتعريف "التدابير المؤقتة أو الوقائية" قد تترتب عليها مشاكل عديدة دون أن تسهم في توضيح مشروع الصك.	While support was expressed for the insertion of paragraph 2 in draft article 74, the view was also expressed that any attempt to define “provisional or protective measures” might entail numerous problems while not contributing to the clarity of the draft instrument.
وعلاوة على ذلك، شعرت الولايات المتحدة بانزعاج شديد لرؤيتها النظام الحاكم يستأنف الاحتجاز غير القانوني لمواطنين بعد ساعات من مغادرتهم.	Moreover, the United States was greatly disturbed to see the regime resume the unlawful detention of citizens, just hours after his departure.
(ز) صندوق برنامج الأمم المتحدة للبيئة؛	(g) Fund of the United Nations Environment Programme;
ولم تعثر أسر هؤلاء المفقودين عليهم ويعتقد أنهم قتلوا هم أيضاً.	Those missing have not been seen by their families and it is assumed that they were also killed.
(و) أن تتعاون مع لجان الجزاءات الأخرى ذات الصلة التابعة لمجلس الأمن ومع اللجنة المنشأة عملا بالفقرة 6 من قراره 1373 (2001)؛	(f) to cooperate with other relevant Security Council Sanctions Committees and with the Committee established pursuant to paragraph 6 of its resolution 1373 (2001);
وتعرب عن تقديرها للردود الشاملة وللإيضاحات التي قدمها الوفد الرفيع المستوى رداً على أسئلة اللجنة، كما تعرب عن امتنانها للحوار البناء الذي دار بين اللجنة والوفد.	It appreciates the comprehensive answers and explanations provided by the high-level delegation in response to the Committee\'s questions, as well as the constructive dialogue between the Committee and the delegation.
خطة مدريد	International Summit on Democracy, Terrorism and Security Madrid, 8-11 March 2005
وقال إن الألغام التي توصف في بعض الأحيان بأنها أسلحة استمرار الحرب بعد وقف إطلاق النار، تشكل عقبة خطيرة أمام التنمية في كثير من مناطق العالم.	Mines, which were sometimes described as weapons which continued the war after the ceasefire, were a serious obstacle to development in many regions of the world.
وفي قرارها 2000/13، طلبت اللجنة الفرعية إلى المفوضة السامية لحقوق الإنسان أن ترصد تنفيذ هذا القرار وكذلك قرارها 1999/16، وأن تقدم تقريرا إلى اللجنة الفرعية في دورتها الثالثة والخمسين عن مسألة الاغتصاب المنهجي والاستعباد الجنسي والممارسات الشبيهة بالرق في حالات النـزاع الجاري، بما في ذلك معلومات عن حالة تنفيذ التوصيات التي قدمتها المقررة الخاصة في تقريرها عن الاغتصاب المنهجي والاستعباد الجنسي والممارسات الشبيهة بالرق خلال فترات النـزاع المسلح وفي التقرير المستوفى في هذا الشأن.	In its resolution 2000/13, the Sub-Commission called upon the High Commissioner for Human Rights to monitor the implementation of that resolution as well as its resolution 1999/16 and to submit a report to the Sub-Commission at its fifty-third session on the issue of systematic rape, sexual slavery and slavery-like practices in situations of ongoing conflict, including information on the status and implementation of the recommendations made by the Special Rapporteur in her report on systematic rape, sexual slavery and slavery-like practices during armed conflicts and the update thereto.
مشروع القرار A/C.3/60/L.29	Draft resolution A/C.3/60/L.29
111- وأعربت اللجنة المعنية بحقوق الإنسان عن قلقها إزاء إلغاء حق التماس العفو أو تخفيف العقوبة في غواتيمالا، مشيرة إلى أن الرئيس مارس مع ذلك حقه عدة مرات في منح العفو استنادا إلى أسبقية معاهدات دولية على القانون الداخلي.	In Kuwait, in January and May 2004, the bodies of prisoners executed by hanging were afterwards publicly displayed. In Saudi Arabia, where public executions by beheading persist, the body of an Egyptian national was reported to have been crucified following execution for murder.
() انظر قرار الجمعية العامة 60/1.	See General Assembly resolution 60/1.
2 - تخفيض الميزانيات العسكرية: تقرير اللجنة الأولى (A/59/451)	Reduction of military budgets: report of the First Committee (A/59/451)
((Introduction)A/60/6 ، /Corr 1(Introduction) A/60/6، (Sect 1) A/62/6، (Sect.2) A/62/6، (Sect.3) A/62/6، (Sect.4) A/62/6، /Corr.1(Sect.4) A/62/6، (Sect.5) A/62/6، (Sect.6) A/62/6، (Sect.7) A/62/6، (Sect.8) A/62/6، /Corr.1(Sect.8) A/62/6، (Sect.9) A/62/6، (Sect.10) A/62/6، (Sect.11) A/62/6، (Sect.12) A/62/6، /Corr.1(Sect.12) A/62/6، (Sect.13) A/62/6، (Sect.14) A/62/6، (Sect.15) A/62/6، (Sect.16) A/62/6، (Sect.17) A/62/6، (Sect.18) A/62/6، (Sect.19) A/62/6، /Corr.1(Sect.19) A/62/6، (Sect.20) A/62/6، (Sect.21) A/62/6، (Sect.22) A/62/6، (Sect.23) A/62/6، /Corr.1(Sect.23) A/62/6، (Sect.24) A/62/6، /Corr.1(Sect.24) A/62/6، (Sect.25) A/62/6، (Sect.26) A/62/6، (Sect.27) A/62/6، (Sect.28) A/62/6، (Sect.28A) A/62/6، /Corr.1(Sect.28A) A/62/6، (Sect.28B) A/62/6، /Corr.1(Sect.28B) A/62/6، (Sect.28C) A/62/6، /Corr.1(Sect.28C) A/62/6، (Sect.28D) A/62/6، (Sect.28E) A/62/6، ِ/Corr.1(Sect.28E) A/62/6، /Corr.2(Sect.28E) A/62/6، (Sect.28F) A/62/6، (Sect.28G) A/62/6، (Sect.29) A/62/6، /Corr.1(Sect.29) A/62/6، (Sect.30) A/62/6، (Sect.31) A/62/6، (Sect.32) A/62/6، (Sect.33) A/62/6، (Sect.34) A/62/6، (Sect.35) A/62/6، (Income Sect.1) A/62/6، (Income Sect.2) A/62/6، (Income Sect.3) A/62/6)	2), A/62/6 (Income Sect.
كما أن تنفيذ ذينك القرارين الرئيسيين يمكن أن يصبح حجر الزاوية في حل الأزمة الراهنة.	Furthermore, the implementation of those two key resolutions can be the cornerstone for a solution of the current crisis.
افتتحت الجلسة الساعة 00/11.	The meeting was called to order at 11 a.m.
وسأغدو ممتنا لو تكرمتم بتعميم نص هذه الرسالة ومرفقها كوثيقة من وثائق الجمعية العامة في إطار البند 73 (ل) و (س) و (ق) و (ث)، ومن وثائق مجلس الأمن.	I should be grateful if you would have the text of the present letter and its annex circulated as a document of the General Assembly, under agenda item 73 (l), (o), (s) and (w), and of the Security Council.
وصدر الحكم نفسه بالنسبة إلى رسالة ذكر في المشتري أنّه لن يجري مزيداً من التعامل مع البائع.	The same has been ruled with respect to a letter in which the buyer stated that no further business with the seller would be conducted.
الدراسات الناتجة عن إكمال البنود من أولاً إلى خامساً أعلاه	Studies resulting from the completion of items I-V above
12 - تقديم رئيس اللجنة التحضيرية لتقرير اللجنة.	Submission of the report of the Preparatory Committee by the Chairman of the Preparatory Committee.
الفصل الثاني	Chapter II Organizational and other matters
11 - محمد أبو عرمانة	Mohammad Abu Armana
(273) الفقرة 83.	Para.
وقيام لجنة 1267 مؤخرا بإدراج لشقر الطيبة في القائمة الموحدة بالكيانات، في قسم القاعدة، خطوة هامة الى الأمام في مكافحة الإرهاب.	The recent listing of Lashkar-E-Tayyiba by the 1267 Committee in its consolidated list of entities, in the Al-Qaida section, has been an important step forward in the fight against terrorism.
وإذ تؤكّد مجددا قلقها البالغ من تأثير الجريمة المنظمة عبر الوطنية في استقرار المجتمعات ونموها سياسيا واجتماعيا واقتصاديا،	Reaffirming its deep concern at the impact of transnational organized crime on the political, social and economic stability and development of societies,
1 - تحيط علما بتقرير هيئة نزع السلاح(1)؛	Takes note of the report of the Disarmament Commission;1
45- عرض الرئيس هذا البند من جدول الأعمال وأعطى الكلمة لخبيرة في هذا المجال لكي تعرض الموضوع بمزيد من التفصيل.	The Chairperson introduced the agenda item and gave the floor to a resource person to present the topic in more detail.
البند 5- مسائل أخرى	Item 5. Other business
424- وبلغت مساهمة أرباب العمل التابعين للقطاع الخاص في التأمين الصحي 1.614 في المائة بينما بلغت مساهمتهم في المعاشات التقاعدية الوطنية 1.35، أو 3.55، أو 4.45 في المائة من الأجور المدفوعة.	The sickness insurance contribution of employers in the private sector is 1.614% and the national pension contribution is 1.35, 3.55 or 4.45% of the paid wages.
إضافة إلى ذلك، تلتزم سري لانكا بسياسة عدم التسامح مطلقا حيال تجنيد الأطفال واستخدامهم في الصراعات المسلحة.	In addition, Sri Lanka is committed to a policy of zero tolerance on the recruitment and use of children in armed conflict.
وإذ يعيد تأكيد قرار الجمعية العامة 52/86، المؤرخ 12 كانون الأول/ديسمبر 1997، بشأن تدابير منع الجريمة والعدالة الجنائية الرامية إلى القضاء على العنف ضد المرأة، الذي اعتمدت الجمعية بمقتضاه الاستراتيجيات النموذجية والتدابير العملية للقضاء على العنف ضد المرأة في مجال منع الجريمة والعدالة الجنائية، ودعت لجنة منع الجريمة والعدالة الجنائية إلى أن تواصل النظر في القضاء على العنف ضد المرأة في إطار الجهود التي يبذلها برنامج الأمم المتحدة لمنع الجريمة والعدالة الجنائية في مجال التدريب والمساعدة التقنية،	Reaffirming General Assembly resolution 52/86 of 12 December 1997, on crime prevention and criminal justice measures to eliminate violence against women, in which the Assembly adopted the Model Strategies and Practical Measures on the Elimination of Violence against Women in the Field of Crime Prevention and Criminal Justice, and called upon the Commission on Crime Prevention and Criminal Justice to continue to consider the elimination of violence against women within the training and technical assistance efforts of the United Nations Crime Prevention and Criminal Justice Programme,
() Verzijl، الحاشية 6 أعلاه.	See Verzijl, supra note 6.
137 - وجميع الفروع الدراسية والتعليمية متاحة للبنين والبنات.	All study and educational disciplines are accessible to boys and girls.
New York, NY 10017	New York, NY 10017
ويرغب عدد من منظمات المجتمع المدني المعنية بالدعوة في أن يساعد برنامج الأمم المتحدة الإنمائي على فتح مجال سياسي للمنظمات غير الحكومية من أجل زيادة مشاركتها بنشاط في الحوار الوطني بشأن الحد من الفقر والأهداف الإنمائية للألفية والموضوعات ذات الصلة.	A number of advocacy civil society organizations would like to see UNDP help to open up political space for NGOs to have more active participation in national dialogue on poverty reduction, MDGs and related topics.
وقد انضمت منظمة العمل الدولية إلى البرنامج المشترك في تشرين الأول/أكتوبر 2001 لتصبح الجهة الثامنة المشتركة في رعاية البرنامج، وقامت بوضع برنامج خاص بها بشأن فيروس نقص المناعة البشرية/الإيدز وعالم العمل.	The International Labour Organization (ILO) joined UNAIDS in October 2001 as the eighth co-sponsor and has developed a special ILO programme on HIV/AIDS and the world of work.
الاهتمام بالتعليم في مجال حقوق الإنسان	According importance to human rights education
وقد قبلت 63 دولة الحكم الاختياري المتعلق بالولاية القضائية الملزمة للمحكمة.	The optional clause relating to the binding jurisdiction of the Court has been accepted by 63 States.
وأفادت التقارير بأنه منذ حزيران/يونيه 2003، أعدم 48 من المدنيين، وترددت ادعاءات بوقوع عمليات قطع الرؤوس وبتر الأعضاء.	Since June 2003, 48 civilians have reportedly been executed, with allegations of beheading and mutilations.
14 - وقالت ممثلة كوت ديفوار إنّه قد تم في التشريعات الإيفوارية إدراج مبادئ الحصول على المعلومات والمشاركة العامة والوصول إلى العدالة في المسائل البيئية.	The representative of Côte d\'Ivoire said that the principles of access to information, public participation and access to justice in environmental matters had already been integrated into Ivorian legislation.
السيدة الرئيسة، أود أن أختتم كلمتي بالإعراب عن أملنا الصادق في أن تكون الدورة الحالية لنزع السلاح، بصفتها المحفل الدولي المتعدد الأطراف الوحيد في مجال نزع السلاح، جاهزة للاضطلاع بمسؤولياتها، ولا سيما فيما يخص المسائل ذات الأهمية الحاسمة بالنسبة إلى المجتمع الدولي.	Madam President, I wish to conclude by expressing our sincere hope that the current session of the CD is ready to shoulder its responsibilities as the only international multilateral negotiating forum for disarmament, especially with regard to issues of critical importance to the international community.
3- الاستراتيجيات والممارسات الفعّالة لدعم ضحايا العنف، بمن فيهم ضحايا الاعتداء الجنسي	Effective strategies and practices to support victims of violence, including victims of sexual assault
2 - وسينظر مجلس المنظمة البحرية الدولية في دورته الثانية والتسعين المقرر عقدها من 21 إلى 25 حزيران/يونيه 2004 في الدعوة الواردة في كلا القرارين ويتخذ قرار حسبما يقتضي الأمر.	At its ninety-second session, which is to be held from 21 to 25 June 2004, the Council of IMO will consider the invitation contained in both resolutions and decide as appropriate.
فهناك، على سبيل المثال، مجال رئيسي للاهتمام في هذا الصدد، يتمثل في البيانات الخاصة بمستويات المواد الكيميائية في الوسائط البيئية والبشرية ويشارك عدد من البلدان والمنظمات بالفعل في بذل جهود أولية من هذا النوع، ففيما يتعلق برصد تقييم فعالية اتفاقية استكهولم للملوثات العضوية الثابتة، مثلاً، تُجمع البيانات عن سجلات إطلاق الملوثات العضوية الثابتة ونقلها، والرصد الأحيائي لجماعة مختارة ضعيفة من السكان بالتركيز على الصحة البيئية للأطفال، وتجمع البيانات عن المواد المسببة للتسمم وغيرها من الحوادث المتصلة بالمواد الكيميائية.	A number of countries and organizations are already engaged in initial efforts of this nature, for example in relation to monitoring to assess the effectiveness of the Stockholm Convention on Persistent Organic Pollutants; the collection of data from pollutant release and transfer registers; biomonitoring of selected vulnerable populations focusing on children\'s environmental health and the collection of data on poisonings and other chemicals-related incidents.
لعدم وجود اعتراض تقرر ذلك.	There being no objection, it is so decided.
ومن الضروري مراعاة الأهداف الإنمائية لكل من الدولة والشعوب الأصلية، والتوفيق بين نقاط الخلاف.	It is necessary to consider the development objectives of both the State and the indigenous peoples, reconciling points of conflict.
(د) المبادرات الوطنية والدولية كآليات ممكنة لاتقاء الخسائر الاقتصادية المحتملة.	Challenges for managing risk arising from the adverse effects of climate change and the impact of the implementation of response measures; Approaches to risk management for the adverse effects of climate change and the impact of the implementation of response measures; Limitations and problems with existing data; National and international initiatives as possible hedging mechanisms against potential economic losses.
واجتمع فريق الاتصال في تشرين الثاني/نوفمبر 2008 في جنيف، وأصدر تقرير الرصد العالمي، الذي ضم مواجيز وافية للتقارير الإقليمية الخمسة، ومصفوفة تقارن بين النتائج الرئيسية من هذه التقارير والاستنتاجات والتوصيات المأخوذة من تحليل مقارن لهذه التقارير.	The coordination group met in November 2008 in Geneva and produced the global monitoring report, which comprised executive summaries of the five regional reports, a matrix comparing the main findings from those reports and conclusions and recommendations drawn from a comparative analysis of the reports.
1- تقدِّم الدول الأطراف بعضها إلى بعض أكبر قدر ممكن من المساعدة القانونية المتبادلة في التحقيقات والملاحقات والاجراءات القضائية المتصلة بالجرائم المشمولة بهذه الاتفاقية.	States Parties shall afford one another the widest measure of mutual legal assistance in investigations, prosecutions and judicial proceedings in relation to the offences covered by this Convention.
وسيكون مؤتمر الأمم المتحدة الحادي عشر المعني بمنع الجريمة والعدالة الجنائية، المقرر عقده في بانكوك في عام 2005 هو أحدث مؤتمر للأمم المتحدة.	The Eleventh United Nations Congress on Crime Prevention and Criminal Justice, to be held in Bangkok in 2005, would be the most recent United Nations Congress.
Original: ENGLISH	English
وفي معرض كلمة الأمين العام عن الصلات بين التمييز العنصري والحكم الرشيد والتنمية، شدد على ارتفاع لهجة الخطاب القائم على الإيديولوجية المهيمنة، إيديولوجية التنمية الاقتصادية واقتصاد السوق التي تقرن \'\'التخلف الاقتصادي بالتخلف الثقافي`` مفسرة التخلف بأنه لا يواكب روح العصر وبـالثقافات والقيم البالية التي تسود في مجتمعات البلدان النامية.	In his analysis of the links between racial discrimination, good governance and development, he emphasized the increase in a type of discourse based on the dominant ideology of economic development and the market, which tends to equate economic underdevelopment with cultural backwardness by attributing underdevelopment to a “failure to adapt” to modernity and the “archaic” cultures and values of developing-country societies.
وزيادة برامج دعم الدخل على صعيد المقاطعة توفر استحقاقات دخل إضافية.	Increases to provincial income support programs provide additional income benefits.
وإذ تشير كذلك إلى القرارات التي اتخذها والإعلانات التي اعتمدها مؤتمر الاتحاد الأفريقي في جميع دوراته العادية والاستثنائية،	Recalling further the decisions and declarations adopted by the Assembly of the African Union at all its ordinary and extraordinary sessions,
وأضحى تعاطي الكحول مشكلة كبيرة للشعوب الأصلية في الشمال.	Alcoholism had become a big problem for the indigenous peoples of the north.
وأجريت المشاورات غير الرسمية بشأن القضايا المعلقة المتصلة بمشروع الاتفاقية الدولية لقمع أعمال الإرهاب الدولي، التي تولى تنسيقها السيد هوفمان، في 30 حزيران/يونيه.	The informal consultations on the outstanding issues pertaining to the draft international convention for the suppression of acts of nuclear terrorism, coordinated by Mr. Hoffmann, were held on 30 June.
ويعلن الاتحاد الأوروبي في هذا الصدد عن استعداده لمراعاة هذا البعد الإقليمي.	In that regard, the European Union is ready to take into account this regional dimension.
30- ونرى مثالاً آخر في السوق والاقتصاد الموحدين للجماعة الكاريبية.	One finds another example with the Caribbean Single Market and Economy (CSME).
وبموجب هذا الإجراء، إذا اقترحت نفقات إضافية تتجاوز الموارد المتاحة من صندوق الطوارئ لا تنفذ الأنشطة المعنية إلا من خلال نقل الموارد من المجالات ذات الأولوية المنخفضة أو تعديل الأنشطة القائمة.	Under this procedure, if additional expenditures are proposed that exceed the resources available from the contingency fund, the activities concerned can be implemented only through the redeployment of resources from low-priority areas or the modification of existing activities.
73 - عمل الفريق خلال عام 2002 لمدة تسعة أشهر وعلى افتراض أن ولاية الفريق ستُمد لفترة مماثلة في عام 2003، فإن الاحتياجات تقدر بمبلغ 700 849 1 دولار.	The Panel was in operation in 2002 for a period of nine months. Assuming that the Panel is extended for a similar period of time in 2003, the requirements are estimated at $1,849,700.
9- تدرك أن الأوضاع السياسية والاقتصادية والثقافية والاجتماعية غير المنصفة يمكن أن تولد وترعى العنصرية والتمييز العنصري وكره الأجانب وما يتصل بذلك من تعصب التي هي أمور تفضي بدورها إلى استفحال عدم الإنصاف؛	Recognizes that inequitable political, economic, cultural and social conditions can breed and foster racism, racial discrimination, xenophobia and related intolerance, which in turn exacerbate inequity;
جنيف، 12-16 شباط/فبراير 2001	Geneva, 12-16 February 2001
وتنص الفقرتان الفرعيتان 1 (أ) و (ج) من الفرع واو من تلك الاتفاقية على عدم منح مركز اللاجئ لأي شخص ارتكب جريمة ضد السلام أو جريمة حرب أو جريمة ضد الإنسانية.	Subparagraphs (a) and (c) of article 1, section F, of that Convention establish that refugee status shall not be granted to any person who has committed a crime against peace, a war crime or a crime against humanity.
ووضعت باكستان سياسة للتمويل والتمويل الصغير في الأرياف في عام 2000 من أجل وضع نظم مالية لخدمة مصالح الفقراء ومعالجة مسألة تعذر الحصول على الخدمات المالية على نطاق واسع.	Pakistan developed a rural finance and microfinance policy in 2000 in order to develop pro-poor financial systems and address the widespread lack of access to financial services.
وتم استعراض الاقتراحات وتحديثها في حلقة عمل عقدت في كيغالي، رواندا، في أيلول/سبتمبر 2008، في إطار الإعداد للمؤتمر الوزاري لأقل البلدان نموا، الذي عقد في تشرين الثاني/نوفمبر 2008 في سيم ريب، كمبوديا.	The proposals were reviewed and updated at a workshop in Kigali, Rwanda, in September 2008 as part of the preparations for the November 2008 LDC Ministerial Conference in Siem Reap, Cambodia.
إذ يستذكر القرارات السابقة وآخرها رقم 1/31 - ST الصادر عن الدورة الحادية والثلاثين للمؤتمر الإسلامي لوزراء الخارجية التي عقدت في اسطنبول بتركيا من 14 إلى 16 حزيران/يونيه 2004،	Reaffirming previous Resolutions NO. 1/31-S&T in Istanbul, Republic of Turkey from 14-16 June, 2004.
(ز) إيلاء الاهتمام اللازم للمرأة في المناطق التي تسودها الحروب والنزاعات، وخاصة المرأة الفلسطينية التي تعاني من ظروف الاحتلال الإسرائيلي المتواصل على الشعب الفلسطيني؛	(g) According the requisite importance to women in the regions, in which wars and conflicts are prevalent, and in particular to Palestinian women, who are suffering in the conditions in which the Palestinian people is living under continuing Israeli occupation;
واليوم وبينما تجاوزنا مرحلة منتصف الطريق نحو تحقيق الأهداف الإنمائية للألفية بحلول عام 2015، لا تزال أفريقيا القارة الوحيدة التي تعاني من القيود في طريقها للقضاء على الفقر والفاقة، مما يدعو إلى الحاجة إلى المزيد من العمل المتضافر من جانب المجتمع الدولي لتحقيق الشراكة العالمية من أجل التنمية، والتنفيذ الفعَّال للالتزامات الإنمائية، دون إبطاء.	Today, halfway through the timeline towards the achievement of the Millennium Development Goals (MDGs) by 2015, Africa is the only continent suffering from major obstacles to its efforts to combat poverty and want. Therefore, the international community must mobilize its efforts to help Africa to implement effectively all parts of NEPAD and all its commitments under NEPAD without delay.
مشروع القرار A/C.3/56/L.63: حماية ومساعدة المشردين داخليا	Draft resolution A/C.3/56/L.63: Protection of and assistance to internally displaced persons
82- وقال إن أنشطة الاستيطان الإسرائيلي المكثَّفة في الضفة الغربية، وبخاصة في القدس الشرقية المحتلة وما حولها تقوِّض الأهداف الوطنية الفلسطينية وتعرِّض للخطر حل الدولتين الذي يتجسد في خارطة الطريق التي تحظى بتأييد دولي.	Intensive Israeli settlement activities in the West Bank, particularly in and around occupied East Jerusalem, undermined Palestinian national goals and jeopardized the two-State solution embodied in the internationally supported Road Map.
فالنسبة الإجمالية لنجاح الإناث في الشهادة المتوسّطة، مثلاً، هي 72% من مجمل الإناث المتقدّمات لنيل هذه الشهادة، بينما نسبة الذكور الناجحين من مجمل الذكور المتقدّمين هي 64%. إن هذا التفوّق هو ثابت في مختلف المواقع:	Females also have a higher pass rate than males at both the intermediate and baccalaureate levels. For example, 72 per cent of all females who took the final intermediate school exam passed, compared with only 64 per cent of their male counterparts.
6- كما أحاطت الهيئة الفرعية علماً بتقرير حول المشروع التجريبي المتعلق بالربط الشبكي بين مركز تبادل المعلومات عن نقل التكنولوجيا التابع لاتفاقية الأمم المتحدة الإطارية بشأن تغيّر المناخ (TT:CLEAR) والمراكز الإقليمية والوطنية للمعلومات التكنولوجية (FCCC/SBSTA/2007/INF.1).	The SBSTA further noted a report on the pilot project on networking between the UNFCCC technology information clearing house (TT:CLEAR) and regional and national technology information centres (FCCC/SBSTA/2007/INF.1).
المادة 16	Regulation 16
ويجوز للمسجل، عند قيامه بذلك، طلب التعاون، طبقا للباب 9، من الدول الأطراف المعنية، وطلب المساعدة من المنظمات الحكومية الدولية.	In doing so, the Registrar may seek in accordance with Part 9 the cooperation of relevant States Parties, and seek the assistance of intergovernmental organizations.
وإذ تسلم بأن إنشاء المحكمة الجنائية الدولية يساهم في إنهاء حالات إفلات مرتكبي جرائم معينة من العقاب، بما في ذلك جرائم الإبعاد أو النقل القسري للسكان، وفق ما هي معرفة في نظام روما الأساسي للمحكمة الجنائية الدولية(5)، وهي الجرائم التي تفضي إلى حالات النزوح والتشريد الجماعيين أو تنشأ عنها،	Recognizing the contribution of the establishment of the International Criminal Court to ending impunity for perpetrators of certain crimes, including deportation or forcible transfer of population, as defined in the Rome Statute of the International Criminal Court, which lead to, or result from, mass exoduses and displacements,
وتشعر حكومة أوغندا بالاستغراب لهذا الموقف المعادي من جانب السفير أولارا أوتونو.	The Uganda Government is baffled by this hostile attitude on the part of Ambassador Olara Otunnu.
وفي هذا الصدد، تظهر أهمية التنفيذ الكامل لقرار مجلس الأمن 1325 (2000) عن المرأة، والسلام والأمن.	In this regard, the full implementation of Security Council resolution 1325 (2000), on women and peace and security, is important.
وأكد المجلس مجددا على تأييده ودعمه المطلق لحق دولة الإمارات العربية المتحدة في جزرها الثلاث طنب الكبرى وطنب الصغرى وأبو موسى المحتلة من قبل جمهورية إيران الإسلامية، ورفض استمرار احتلال جمهورية إيران الإسلامية للجزر الثلاث التابعة لدولة الأمارات العربية المتحدة، والتأكيد على سيادة دولة الإمارات العربية المتحدة الكاملة على هذه الجزر الثلاث باعتبارها جزءا لا يتجزأ من دولة الإمارات العربية المتحدة واحتفاظها بكامل حقوقها فيها، وعدم الاعتراف بأية سيادة أخرى غير سيادة دولة الإمارات العربية المتحدة على جزرها الثلاث ومياهها الإقليمية ومجالها الجوي وجرفها القاري والمنطقة الاقتصادية الخالصة التابعة لها.	The Council reaffirmed its unconditional support for the claim of the United Arab Emirates to the three islands occupied by the Islamic Republic of Iran, namely the Greater Tunb, the Lesser Tunb and Abu Musa, and its rejection of the continued occupation by the Islamic Republic of Iran of the three islands belonging to the United Arab Emirates. It affirms the full sovereignty of the United Arab Emirates over the three islands as an integral part of the country, the fact that it retains all of its rights in respect of those islands, and the Council\'s non-recognition of any sovereignty other than that of the United Arab Emirates over its three islands, their territorial waters, their airspace and the related continental shelf and exclusive economic zone.
وطلبت منظمة العفو الدولية إلى الحكومة أن تُدين بصورة رسمية وعلنية جميع أعمال التعذيب وغيره من ضروب إساءة المعاملة وأن تُنشئ نظاماً للزيارات المنتظمة وغير المقيَّدة وغير المُعلن عنها من قِبل هيئات وطنية مستقلة إلى جميع أماكن ومرافق الاحتجاز من أجل رصد معاملة المحتجزين وظروف احتجازهم(24).	AI called on the Government to officially and publicly condemn all acts of torture and other ill-treatment and establish a system of regular, unannounced and unrestricted visits by independent national bodies to all places of detention and their facilities in order to monitor the treatment of detainees and conditions of detention.
وترى الدولة الطرف أيضاً أن ما يقدح في مصداقيته أقواله بشأن هربه من معسكر ترينكومالي.	The State party also considers his credibility undermined by his statements regarding his escape from the military camp in Trincomalee.
ولا يمنح سفراء الخير باليونيسيف بدل إقامة يومي.	UNICEF Goodwill Ambassadors are not granted a daily subsistence allowance (DSA).
ويرمي هذا النهج إلى بناء القدرة الإنتاجية للطوائف الفقيرة وزيادة اعتمادها على ذاتها، من خلال زيادة سبل استفادتها من الهياكل الأساسية والخدمات وعن طريق تعزيز تأثيرها على الاستثمارات الاقتصادية والاجتماعية التي تؤثر مباشرة على حياتها وسبل عيشها.	This approach aims to build the productive capacity and self-reliance of poor communities by increasing their access to essential local infrastructure and services and by strengthening their influence over economic and social investments that directly affect their lives and livelihoods.
64 - السيد ميشيل (وكيل الأمين العام للشؤون القانونية، المستشار القانوني): قال إن تحديث القانون التجاري شرط أساسي لنمو التجارة والاستثمار وهو بدوره عامل لاغنى عنه في الحد من الفقر وزيادة الرفاه ودعم استقرار المجتمع.	Mr. Michel (Under-Secretary-General for Legal Affairs, The Legal Counsel) said that the modernization of commercial law was a prerequisite for the growth of trade and investment, which was in turn an indispensable factor in reducing poverty, increasing well-being and supporting social stability.
وقد أخذت قياسات للإشعاع الصادر من التفاعل بين انبعاثات العادم من نظام الدفع في الجزء الروسي من محطة الفضاء الدولية وبين الأكسيجين الذري، ومن تفاعل انبعاثات العادم من المحرّكات النفّاثة للمركبتين "Soyuz" و "Progress" خلال مناورات فكّ الالتحام، والاحتراقات الرجعية، والعودة إلى الغلاف الجوي العلوي للأرض؛	Measurements were taken of the radiation emitted in the interaction between the propulsion system exhaust products in the Russian segment of the ISS and atomic oxygen and the interaction of Soyuz and Progress jet engine exhaust products during undocking manoeuvres, retroburns and re-entry into the Earth\'s upper atmosphere;
ومما لا شك فيه أن ثمة حاجة إلى شركات تحقق المنفعة المتبادلة وتجمع بين قانونية ومصداقية وكالات/مكاتب الإحصاء في الكثير من الدول (وليس جميعها) وفهم وإبداع الباحثين والمنظمات غير الحكومية المتخصصين في مجال العنف ضد المرأة.	What is undoubtedly needed are partnerships for mutual benefit, combining the legitimacy and credibility of the national statistical agencies/offices in many (but not all) States with the understanding and creativity of researchers and NGOs who have specialized in the field of violence against women.
3 خدمات عامة (الرتب الأخرى) (1 مساعد للمراجع؛ 1 مساعد إعلامي، 1 مساعد إداري)	3 General Service (Other level) (1 Reference Assistant; 1 Information Assistant; 1 Administrative Assistant)
38 - وطلبت الوفود بيانات عن مدى التوازن بين الجنسين والتنوع في صفوف موظفي اليونيسيف في البلدان المستفيدة بالبرامج وعن مدى التنوع الجغرافي في صفوف الموظفات.	Delegations requested data on gender balance and diversity for UNICEF staff in programme countries and on geographic diversity among female staff.
7 - تعرب عن تقديرها للجهود التي يبذلها البلد المضيف وتأمل في أن تستمر تسوية المسائل التي تثار في اجتماعات اللجنة بروح من التعاون ووفقا للقانون الدولي؛	Expresses its appreciation for the efforts made by the host country, and hopes that the issues raised at the meetings of the Committee will continue to be resolved in a spirit of cooperation and in accordance with international law;
عدم التمييز	Non-discrimination
1 - رابطة المبادرات الديمقراطية	Association for Democratic Initiatives
Sinha N, Raju D and Morrison AR (2007).	Sinha N, Raju D and Morrison AR (2007).
ونهنئ رؤساء عام 2007، الذين نجحوا في تطوير خطة عمل عام 2006 وقاموا بمحاولة جادة لتمكين مؤتمر نزع السلاح من المضي قدما.	We congratulate the 2007 Presidents, who successfully developed the 2006 scheme and made a serious attempt to allow the Conference on Disarmament to take a step forward.
- اتفاقية تمييز المتفجرات البلاستيكية بغرض كشفها (1991)؛	- Convention on the Marking of Plastic Explosives for the Purpose of Detection (1991).
)( IPCC, Fourth Assessment Report, Table 5.1 and Figure 5.1, pp.	IPCC, Fourth Assessment Report, Table 5.1 and Figure 5.1, pp. 5-6
ومن المهم أن يوفر المجتمع الدولي سبلا معقولة التكلفة للحصول على هذه التكنولوجيات، وأن يكفل اهتمام مرافقها ها بالشعب واحتواءها على مضمون محلي، مع مراعاة تنوع المجتمع العالمي في الوقت ذاته.	It is important that the international community provide affordable access to ICT, that it ensure that its facilities are people-centred and carry local content and, at the same time, that it be mindful of the diversity of the global community.
جلسة عمل	Working Session
وتُبذل الجهود من أجل زيادة وتعزيز أبراج ومواقع المراقبة التابعة للقوات المسلحة اللبنانية، والبالغ عددها 47 وتقع على طول الخط الأزرق.	Efforts are under way to increase and fortify the 47 Lebanese Armed Forces observation towers and positions along the Blue Line.
1 - يلخص هذا التقرير المعلومات الواردة في البيانات المالية لصندوق الأمم المتحدة للسكان عن فترة السنتين المنتهية في 31 كانون الأول/ديسمبر 2003.	The present report summarizes the information provided in the financial statements of the United Nations Population Fund (UNFPA) for the biennium ended 31 December 2003.
الجدول 2	Table 2 Type II gratis personnel, by department, nationality, function and duration of service
61- وللنهوض بتصميم السياسات في البلدان النامية، هناك حاجة إلى (أ) فهم أفضل لمزيج السياسات والإصلاحات المناسبة لبناء خدمات مالية قادرة على المنافسة وبناء قدرات العرض المحلية؛ (ب) معرفة أفضل بالعوامل التي تؤثر على قرارات المؤسسات المالية الأجنبية لدخول الأسواق النامية والخروج منها والآثار الإنمائية الملازمة لها؛ (ج) تحسين جمع البيانات وتطبيق منهجيات أفضل؛ (د) فهم أفضل للفرص المتاحة للبلدان النامية في مجال التصدير.	To enhance developing countries\' policy design, there was need for better (a) understanding of the appropriate policy mix and reforms for building competitive financial services and domestic supply capacity; (b) knowledge about factors affecting foreign financial institutions\' decisions to enter/exit developing markets and attendant development implications; (c) data-collection and methodologies; and (d) understanding of developing countries\' export opportunities.
ب. ضد الجمهورية التشيكية):	This complaint is thus not admissible under article 3 of the Optional Protocol.
ولجأت في الأعمال التي استوجبت أشغال الألمنيوم إلى خدمات شركة "Elemes"-Sibenik, Croatia (شركة إيليميس).	For work relating to aluminium carpentry it used “Elemes”-Sibenik, Croatia (“Elemes”).
“المادة 38	“Rule 38
3-2 ويدعي صاحب البلاغ حدوث انتهاك لأحكام المادة 3، نتيجة حرمان شريك من نفس الجنس من الحقوق التي يتمتع بها الأزواج المختلفون في الجنس، دون أي تبرير.	3.2 The author alleges a violation of article 3, since a partner of the same sex is being denied the rights granted to different-sex couples, without any justification.
282- يشجع الفريق العامل حكومتي إندونيسيا وتيمور - ليشتي على التعاون بشكل كامل لتوضيح الحالات التي حدثت في أراضي تيمور الشرقية سابقاً.	The Working Group encourages the Governments of Indonesia and Timor-Leste to cooperate fully in clarifying cases that occurred on the territory of what was formerly East Timor.
(د) عدم منح ميزات غير عادلة: تتاح لكل عضو في دوائر الأعمال الفرصة لاقتراح الترتيبات التعاونية في إطار الثوابت الواردة في هذه المبادئ التوجيهية. وينبغي ألا ينطوي التعاون على تأييد أو تفضيل لكيان أعمال معين أو منتجاته أو خدماته؛	Advance United Nations goals: The objectives need to be articulated clearly and must advance United Nations goals as laid out in the Charter of the United Nations; Clear delineation of responsibilities and roles: The arrangements must be based on a clear understanding of respective roles and expectations, with accountability and a clear division of responsibilities; Maintain integrity and independence: Arrangements should not diminish the United Nations\' integrity, independence and impartiality; No unfair advantage: Every member of the business community should have the opportunity to propose cooperative arrangements, within the parameters of these guidelines.
وناشد البلد المضيف تجنب السياسات التمييزية والانتقائية ومراجعة قراره حتى تتمكن جميع الوفود من المشاركة في مؤتمر الاتحاد البرلماني الدولي.	He referred to the absence of such problems in other host countries, in particular Switzerland and Austria, and called upon the host country to avoid discriminatory and selective policies and to review its decision so that all delegations could participate in the IPU Conference.
أما مجموع الاشتراكات المقررة غير المسددة بالنسبة لجميع عمليات حفظ السلام فبلغ حتى ذلك التاريخ ما مقداره 1.9 بليون دولار.	The total outstanding assessed contributions for all peacekeeping operations at that date amounted to $1.9 billion.
(ح) القانون 9807، المؤرخ في 13 تموز/ يولية 1999 - يحدد قواعد التنظيم واستمرار عمل برامج خاصة لحماية الضحايا والشهود المعرضين للخطر، وينشئ البرنامج الاتحادي لمساعدة الضحايا والشهود المعرضين للخطر.	h) Law 9,807 of July 13th, 1999 - Establishes rules for the organization and maintenance of special programs for the protection of victims and witnesses under threat, and creates the Federal Program of Assistance to Victims and Witnesses under Threat.
5-5 أما بالنسبة لادعاءات صاحب البلاغ بموجب المادة 9، وفي ظل عدم اعتراض الدولة الطرف على سرد صاحب البلاغ للوقائع، فإن اللجنة تخلص إلى أن صاحب البلاغ، عند توقيفه في أيلول/سبتمبر 1996، لم يُبلغ بأسباب توقيفه ولم يُطلع فوراً على التهم الموجهة ضده، وأن صاحب البلاغ تمّ توقيفه بدون أمر توقيف مما يشكل خرقاً للقانون المحلي الساري، وأنه لم يمثل أمام القاضي بعد توقيفه مباشرة.	5.5 As to the author\'s claims under article 9, in light of the State party\'s failure to contest the factual submissions of the author, the Committee concludes that, upon arrest in September 1996, the author was not informed, at the time of arrest, of the reasons for his arrest and was not promptly informed of the charges against him; that the author was arrested without a warrant and hence in violation of applicable domestic law; and that after his arrest, he was not brought promptly before a judge.
وجرى الاستعراض المتعلق بإندونيسيا في الجلسة الرابعة المعقودة في 9 نيسان/أبريل 2008.	The review of Indonesia was held at the 4th meeting on 9 April 2008.
المنظمة العالمية للملكية الفكرية	World Intellectual Property Organization
25- وفي هذا السياق، شكرت المفوضة السامية الحكومة على دعوتها إياها إلى توفير المشورة بشأن اختصاصات لجنة التحقيق وفريق المراقبين بما يتمشى مع المعايير الدولية.	In this context, the High Commissioner thanked the Government for inviting her to provide advice on the terms of reference for the Commission of Inquiry and the observer group in line with international standards.
واقتناعا منها بوجوب قيام كل دولة باعتماد استراتيجية تتفق مع مواردها وقدراتها لتحقيق أهدافها في تنفيذ التوصيات الواردة في إعلان وخطة عمل روما الصادرين عن مؤتمر القمة العالمي للغذاء، والتعاون في الوقت نفسه، إقليميا ودوليا، بقصد تنظيم الحلول الجماعية لمسائل الأمن الغذائي العالمية في عالم يسوده الترابط المتزايد بين المؤسسات والمجتمعات والاقتصادات ويعد فيه تنسيق الجهود وتقاسم المسؤوليات أمرين أساسيين،	Convinced that each State must adopt a strategy consistent with its resources and capacities to achieve its individual goals in implementing the recommendations contained in the Rome Declaration and Plan of Action of the World Summit and, at the same time, cooperate regionally and internationally in order to organize collective solutions to global issues of food security in a world of increasingly interlinked institutions, societies and economies, where coordinated efforts and shared responsibilities are essential,
واختتمت الممثلة بإبراز توفر الإرادة السياسية للتغلب على تلك العقبات.	In conclusion, the representative highlighted the political will to overcome those obstacles.
ونتيجة الوفورات الأخرى في تكاليف السفر وتكاليف التشغيل، أدرج في الميزانية نقصان اجمالي مقداره 600 43 دولار.	With other savings in travel and operating costs, a total volume decrease of $43,600 is budgeted.
2 - تعليقات على التأخر في إعداد كراسة الشروط (الفقرات 21- 23)	Comments on delays in the preparation of a statement of work (paras.
ولضمان تنفيذ القرارات التي يعتمدها مجلس الأمن، ينبغي، أيضا، تعاون كل الدول الأعضاء في طائفة واسعة من المجالات.	To ensure the implementation of resolutions adopted by the Security Council, the cooperation of all Member States is, likewise, required in a broad range of areas.
أولا- مقدمة	Introduction
18- وأشارت بوتسوانا إلى أنها بصدد بناء سجون جديدة واستكشاف تدابير بديلة للاحتجاز.	Botswana indicated that it is constructing new prisons and exploring alternative measures to imprisonment.
وشاركت في الاستفتاء نسبة 58.8 في المائة من مجموع الناخبين الذين يحق لهم التصويت، وهي نسبة ضئيلة بمقاييس برمودا، وصوت 73.6 في المائة منهم ضد الاستقلال.	Of the 58.8 per cent of eligible voters who participated, which is a small number by Bermudian standards, 73.6 per cent voted against independence.
وقد أبرزت دعوته لفائدة الأطفال المتضررين بالحرب المسألة إلى درجة أنها أصبحت مستقرة في جدول الأعمال الدولي للسلام والأمن (غراثيا ماشيل)*.	His advocacy on behalf of war-affected children has raised the profile of this issue to the extent that is now placed firmly on the international peace and security agenda. (Graça Machel)*
مذكرة من الأمانة العامة	* Reproduced in the original language of submission.
8 - والمبادئ التوجيهية لإيجاد حل شامل لكبح هذا الوباء تتضمن تعزيز الإعمال الكامل لحقوق الإنسان وتحقيق المساواة بين الرجل والمرأة، وإشراك المصابين بالفيروس/الإيدز؛ وضمان تولي جهات وطنية زمام الأمور والقيادة، وبناء القدرات الوطنية، والتشجيع على توخي نهج متعدد القطاعات، وتأييد الفكرة الداعية إلى تعبئة المجتمع على نطاق واسع، والتشجيع على تطوير الجهود تطويرا هائلا.	Guiding principles of a comprehensive response to curbing the epidemic include: promoting the full realization of human rights, gender equality, and the involvement of people living with HIV/AIDS; ensuring national ownership and leadership; building national capacity; promoting a multisectoral approach; supporting broad-based social mobilization; and encouraging a massive scaling-up of efforts.
وعلى ذلك فقد أصبحت المنظمات تواجه تحديا في اجتذاب الموظفين الذين هم على أعلى مستوى من المقدرة والكفاءة والنزاهة، حسب ما تقضي به المادة 101 من ميثاق الأمم المتحدة، وفي الإبقاء على هؤلاء الموظفين.	It was therefore a challenge for the organizations to attract and retain new staff with the highest standards of efficiency, competency and integrity, as required by Article 101 of the Charter of the United Nations.
وإذ يؤكد من جديد أن أطراف النزاعات المسلحة هي المسؤولة في المقام الأول عن اتخاذ جميع الإجراءات الممكنة لكفالة حماية المدنيين المتضررين،	Reaffirming that parties to armed conflict bear the primary responsibility to take all feasible steps to ensure the protection of affected civilians,
وقد نظر في تقرير لجنة وثائق التفويض والتوصية الواردة فيه،	Having considered the report of the Credentials Committee and the recommendation contained therein,
أولا، يرى وفد بلدي أن الجمعية العامة، بوصفها المحفل العالمي الوحيد، لها دور هام تضطلع به في منع نشوب الصراعات المسلحة، وبخاصة في إنشاء وصون القيم والقواعد العالمية، وفي تنمية قدر أكبر من الوعي.	First, in my delegation\'s view, the General Assembly, as the only universal forum, has an important role to play in the prevention of armed conflict, particularly in creating and maintaining global values and norms, and in nurturing greater awareness.
وترد في الحواشي ذات الصلة إشارة إلى القواعد التي نُظر فيها في الدورة الرابعة.	Those rules considered at the fourth session are so indicated in the relevant footnotes.
ومن الخطوات العملية العديدة لتحقيق نزع السلاح النووي التي وافق عليها المؤتمر الاستعراضي للدول الأطراف في معاهدة عدم انتشار الأسلحة النووية خطوة تنطوي على أهمية إضافية هي التزام الدول الأطراف على نحو لا لبس فيه بالإزالة التامة لترسانات أسلحتها النووية.	Among the various practical steps to achieve nuclear disarmament agreed upon by the NPT Review Conference, States parties\' unequivocal undertaking to accomplish the total elimination of their nuclear arsenals carries an added importance.
واعتقد الرجل أنهم أُعدموا.	The man thought they had been executed.
1- أبدى ممثل ناميبيا ملاحظة مفادها أن مؤتمر الاستعراض يُعقد في وقت تمر فيه ناميبيا بعملية وضع تشريع بشأن المنافسة.	The representative of Namibia noted that the Review Conference was being held at a time when Namibia was in the process of putting competition legislation in place.
وبالمستطاع تحقيق سلام شامل، وعادل ودائم في الشرق الأوسط على أساس قرارات الأمم المتحدة ذات الصلة، وبخاصة قراري مجلس الأمن 242 (1967) و 338 (1973).	A comprehensive, just and lasting peace in the Middle East is attainable based on relevant United Nations resolutions, in particular Security Council resolutions 242 (1967) and 338 (1973).
6 - تطلب إلى الأمين العام وضع برنامج توعية موضوعه ”المحرقة والأمم المتحدة“ واتخاذ تدابير لتعبئة المجتمع المدني من أجل إحياء ذكرى محرقة اليهود والتثقيف بها للمساعدة في الحيلولة دون وقوع أفعال الإبادة الجماعية في المستقبل، وموافاة الجمعية العامة في غضون ستة أشهر من تاريخ اتخاذ هذا القرار، بتقرير عن وضع هذا البرنامج وموافاتها في دورتها الثالثة والستين بتقرير عن تنفيذه.	Requests the Secretary-General to establish a programme of outreach on the subject of the “Holocaust and the United Nations” as well as measures to mobilize civil society for Holocaust remembrance and education, in order to help to prevent future acts of genocide; to report to the General Assembly on the establishment of this programme within six months from the date of the adoption of the present resolution; and to report thereafter on the implementation of the programme at its sixty-third session.
() http://ec.europa.eu/development/icenter/repository/1_EN_ACT_part1_v8.pdf.	http://ec.europa.eu/development/icenter/repository/1_EN_ACT_part1_v8.pdf.
ولا يُسمح بإصدار إعلانات أخرى بمقتضى هذه الاتفاقية.	No other declaration is permitted under this Convention.
وبمجرد انتخابهم للمحكمة الدولية، يُنتظر منهم أن يقيموا في مقر المحكمة.	Once elected to the International Tribunal, they are expected to take up residence at its seat in The Hague.
1 - سوف يشمل نطاق الشراكة الحواسيب الشخصية وما يرتبط بها من شاشات وطابعات وأجهزة ملحقة بها.	The scope of the partnership will cover personal computers (PCs) and associated displays, printers and peripherals.
وأعلن أن أوكرانيا قد انضمت إلى مقدمي مشروع القرار.	It was announced that Ukraine had joined as a sponsor of the draft resolution.
وتشمل الوظائف الحاسمة الأخرى للسنة الأولى ما يلي:	Other critical functions for the first year include:
‎وأشار إلى أن المشاورات الجارية بشأن هذه المبادرة ستنجز ‏على نطاق واسع.	He indicated that the ongoing consultations on this initiative would be completed on a broad basis.
(ب) صيد السمك بالشباك البحرية العائمة الكبيرة والصيد غير المأذون بــه في المناطق الخاضعة للولاية الوطنية وفي أعالي البحار/والصيد غير المشروع وغير المبلغ عنه وغير المنظم، والمصيد العرضي والمرتجع في مصائد الأسماك، والتطورات الأخرى	(b) Large-scale pelagic drift-net fishing, unauthorized fishing in zones of national jurisdiction and on the high seas/illegal, unreported and unregulated fishing, fisheries by-catch and discards, and other developments
نحن نعتقد أن لكل الدول مصلحة واضحة، بل إنها تتحمل مسؤولية واضحة، في الدفاع عن هيبة القانون والنظام الدوليين.	We believe that all States have a clear interest, as well as a clear responsibility, to defend the integrity of international law and order.
- شاركت الهيئة في إعداد دراسة كلفتها بها منظمة العمل الدولية في نيودلهي في سنة 2003 وعنوانها ”العمل اللائق بالمرأة - العبر المستخلصة من المشروع الرائد والتوصيات التي أسفر عنها“.	- Study commissioned by ILO, New Delhi, 2003 `Decent Employment for Women - Learnings and recommendations from the pilot project\'.
8 - تنفيذ قراري الجمعية العامة 50/227 و 52/12 باء	Implementation of General Assembly resolutions 50/227 and 52/12 B
وقسمت الأنشطة التي تمت مناقشتها إلى ثلاثة مجالات بشكل تقريبي: جوائز التقدير، والحلقات الدراسية، والأنشطة المتصلة بوسائط الإعلام.	Activities discussed were divided roughly into three areas: recognition awards, seminars, and media-related activities.
وفقا للمادة 39 من النظام الداخلي المؤقت لمجلس الأمن، أتشرف بأن ألتمس منكم التفضل بالإذن للسيد يحيى المحمصاني، السفير، المراقب الدائم لجامعة الدول العربية لدى الأمم المتحدة، بتناول الكلمة في مجلس الأمن خلال المناقشة العامة المقرر عقدها يوم 23 آذار/ مارس 2004 بشأن الحالة في الشرق الأوسط، بما في ذلك القضية الفلسطينية.	In accordance with article 39 of the rules of procedure of the Security Council, I have the honour to request you to authorize Mr. Yahja A. Mahmassani, Ambassador and Permanent Observer for the League of Arab States to the United Nations, to address the Security Council during the public debate devoted to the situation in the Middle East, including the question of Palestine, scheduled for 23 March 2004.
ومنذ تعيينه، أبلغ المقرر الخاص الأمانة العامة أنه لن يتمكن من تقديم تقرير إلى الجمعية على النحو المطلوب نظرا إلى ضيق الوقت الناتج عن تعيينه المتأخر.	The Special Rapporteur has since notified the Secretariat that, owing to time constraints resulting from his late appointment, he will not be in a position to present a report to the Assembly as requested.
وفي آذار/مارس 2001 أُنشئ الفريق وبدأ يباشر مهمته المتمثلة في إعداد دراسة تهدف إلى ما يلي:	In March 2001, the Group was established and began its task of preparing a study with the following aims:
وناقشت تلك الجلسة تعزيز الأمم المتحدة، واستمعت إلى موجزات قدمها مدراء المناقشة المذكورون.	At the latter session, the strengthening of the United Nations was discussed and summaries presented by the above-mentioned moderators were heard.
المجلس الإستوني لقواعد السلوك في العلوم الأحيائية	Estonian Council on Bioethics
وهذا يجعلني أتفاءل بأننا سنكون قادرين على القيام بعمل جيد في الجمعية العامة أثناء الدورة الثامنة والخمسين.	This makes me hopeful that we will be able to do good work in the General Assembly during the fifty-eighth session.
15 - الشرطة الوطنية البوروندية.	Burundi National Police.
وتوقع السيد راولستن مور من بربادوس أن يناقش المشاركون أهمية الموارد المالية لنقل تكنولوجيات التكيف وسبل دعم المؤسسات وتوطيد التعاون فيما بين البلدان النامية.	Mr. Rawleston Moore, Barbados, expected participants to discuss the importance of financial resources for transferring technologies for adaptation and ways to strengthen institutions and promote cooperation among developing countries.
(أ) يحصل المتعاقد على عقد استكشاف في قطاع الاستكشاف يبدأ سريانه قبل انقضاء مدة الخمسة عشر عاما المذكورة؛ أو	(a) the Contractor obtains a contract for exploitation in the exploration area which enters into force before the expiration of such period of fifteen years; or
وسيوفر هذا الترتيب تقييما منهجيا، مما سيسمح لمجلس الأمن أن يركز عمله بشكل أخص على معالجة الأسباب الجذرية للصراع.	Such an arrangement would provide a systemic assessment, which would allow the Security Council to focus its action more specifically to dealing with the root causes of conflict.
• التقدم بتوصيات بشأن تعبئة الدعم والمساعدة الدوليين المقدمين إلى عناصر الاستراتيجية دون الإقليمية المقترحة.	• To make recommendations on mobilizing the provision of international support and assistance for the elements of the proposed subregional strategy.
وثمة تعريف للتمييز غير المباشر والصورة التالية: ”عندما يكون هناك نص أو معيار أو أسلوب يبدو محايدا، مع تأثيره على نسبة من أحد الجنسين تفوق النسبة المتعلقة بالجنس الآخر بشكل كبير، وذلك إلا إذا كان هذا النص أو المعيار أو الأسلوب لا يتّسم بالملاءمة أو الضرورة مع عدم إمكانية تبريره بعوامل موضوعية لا تتصل بجنس من يعنيهم الأمر.	Indirect discrimination is defined as follows: “when a provision, criterion or practice which is by appearances neutral affects a significantly higher proportion of persons of one sex than the other, unless such provision, criterion or practice is appropriate and necessary or can be justified by objective factors not relating to the sex of the persons concerned.”
UNCC claim number: 4003112	UNCC claim number: 4003112
الفقرة الفرعية (د)	Subparagraph (d) What legislation or procedures exist to prevent terrorists acting from your territory against other States or citizens?
ولا تجوز المطالبة بتعويضات إلا عن تلف الموجودات أو استهلاكها استهلاكا غير عادي.	Subject to any contrary provision in the lease agreement, however, the financial lessor will not be able to claim damages for the normal depreciation of the assets.
غير أن المحكمة الإقليمية العليا، خلافا لتعليل المحكمة الإقليمية في حكمها الابتدائي، ذكرت أن اشتراط المادة 49 (2) (ب) من اتفاقية البيع إعلان فسخ العقد في مدة معقولة لا يجيز اعتبار رفض المشتري دفع الثمن إعلانا ضمنيا بفسخ العقد.	However, contrary to the Regional Court\'s reasoning in first instance, the Higher Regional Court stated that the requirement of article 49 (2)(b) CISG to declare the contract avoided within a reasonable time does not allow to consider the buyer\'s refusal of payment to be an implied declaration of avoidance.
وفي تنـزانيا، أدركت الأجهزة العسكرية الخطر الذي يشكله مرض الفيروس/الإيدز على القوات المسلحة النظامية.	In Tanzania, the military service has recognized the threat of HIV/AIDS in the uniformed military services.
158- فيما يخص الفقرة 1 ، فضلت إثيوبيا، وإكوادور، وألمانيا، وإيران (جمهورية - الإسلامية)، والبرازيل، والبرتغال، وفنلندا، والمكسيك النص بالصيغة التي ورد بها.	With regard to paragraph 1, Brazil, Ecuador, Ethiopia, Finland, Germany, the Islamic Republic of Iran, Mexico and Portugal preferred the text as drafted.
البوسنة والهرسك وجمهورية يوغوسلافيا الاتحادية القرار 2001/12	Republic of Yugoslavia Resolution 2001/12
فهل لي أن أعتبر أن الجمعية ترغب في اختتام نظرها في البند 38 من جدول الأعمال؟	May I take it that it is the wish of the Assembly to conclude its consideration of agenda item 38?
قدم نائب رئيس قسم القانون الدولي التابع لرابطة المحامين الوطنية هذا البحث في الاجتماع الذي عقد تحت شعار ”The Human Aftermath of Hurricane Katrina“ (عواقب إعصار كاترينا على الإنسان) في كلية ثورغود مارشال للحقوق في جامعة تكساس الجنوبية، تكساس، الولايات المتحدة.	The NBA-ILS Vice-Chair presented this paper at “The Human Aftermath of Hurricane Katrina”, held at Texas Southern University, Thurgood Marshall School of Law in Houston, Texas, United States.
• مركز القيادة الأمنية: هو مرفق مساحته 000 1 قدم مربع، أنشئ في عام 2006 ويوفر الحواسيب، والتخزين، والهيكل الأساسي للشبكة الخاصة بنظام الأمن المادي.	• The Security Command Centre: a 1,000 square foot facility built in 2006 providing computers, storage and network infrastructure for the physical security system.
معرض للصور	Photo exhibit
وأكد مجدداً القرار المقدم من ائتلاف البرنامج الجديد إلى الجمعية العامة للأمم المتحدة في عام 2007 (62/25) أن نـزع السلاح النووي وعدم انتشار الأسلحة النووية عمليتان تدعم كل منهما الأخرى وتتطلبان إحراز تقدم عاجل لا رجعة فيه على كلتا الجبهتين.	The New Agenda Coalition resolution to the United Nations General Assembly in 2007 (62/25) reaffirmed that nuclear disarmament and non-proliferation are mutually reinforcing processes requiring urgent irreversible progress on both fronts.
وفي الختام، جنت الجماعة الكاريبية فوائد كبيرة من التعاون المقيد على مر السنين مع وكالات منظومة الأمم المتحدة.	In conclusion, the Caribbean Community has benefited immensely over the years from meaningful cooperation and collaboration with United Nations system agencies.
وللاطلاع على بيانات أكثر تفصيلا، انظر الجدول 4 في المرفق 11 - الجزء 2.	For more detailed data, see table 4 in annex 11, part 2.
A/HRC/4/95, para.	A/HRC/4/95, para.
الجمعية العامة	General Assembly
- عناصر تبين الإشعاع الضوئي في حزمة الأشعة فوق البنفسجية	- threads connecting pages of document with a cover
جيم - دواعي القلق الرئيسية والتوصيات	C. Main issues of concern and recommendations
ولهذا السبب، اختار وفدي أن يمتنع على التصويت على مشروع القرار.	For that reason, my delegation has opted to abstain in the voting on the draft resolution.
27 - وألقى بياناً كل من وكيل الأمين العام للشؤون الاقتصادية والاجتماعية بالأمم المتحدة والمدير التنفيذي لمركز الأمم المتحدة للتدريب والبحث.	27 Statements were made by the Under Secretary-General for Economic and Social Affairs of the United Nations and the Executive Director of the United Nations Institute for Training and Research.
ويمكن الاطــــلاع على كافــة وثائــــق الدورة فـــي موقــع اليونيسيـــف علــــى العنـــوان التالي: www.unicef.org/about/execboard/index_25993.html	All documentation for the session is available on the UNICEF Web site at the following address: www.unicef.org/about/execboard/index_25993.html.
رابعا - التطورات داخل الصومال	Developments inside Somalia
الأعضاء والمراقبون()،()	Members and observers b, c
وفي حين أشار ذلك التقرير أيضاً إلى أن المعلومات ليست كاملة، أوضح أن مرافق التدمير التجارية التي تستخدم تكنولوجيات وافقت عليها الأطراف تعمل في 20 بلداً، ولها طاقات إنتاج معروفة تتراوح ما بين 40 طناً مترياً و600 طن متري سنوياً، وتواجه تكاليف تدمير تتراوح من دولارين إلى 13 دولاراً للكيلوغرام المدمر.	While that report also noted that its information was incomplete, it did point out that commercial destruction facilities using Party-approved technologies were operating in 20 countries, had known production capacities of from 40 to 600 metric tonnes per year, and faced destruction costs ranging from $2 to $13/kg destroyed.
() هذا التعديل هو مجرد إعادة صياغة للنص المقترح من بوتسوانا، وذلك درءا لأي سوء فهم.	This amendment only reformulates the text introduced by Botswana to prevent any misunderstandings.
وطلب وفد آخر معلومات عن اللجنة الإدارية الرفيعة المستوى.	One delegation asked for information on the High-Level Committee on Management (HLCM).
وأفاد أن تحليلا معمقا أجري بشأن النظام الحالي لتوزيع المهام الإدارية بين المنظمات الموجودة في فيينا وطرق توزيع التكاليف المتصلة بها بيَّن أن ثمة عددا من النقائص والاختلالات يمكن معالجتها إلى حد بعيد بتجميع الخدمات العامة وجعلها تحت مسؤولية المكتب.	An in-depth analysis of the current system of allocated administration and related cost-sharing arrangements had revealed a number of shortcomings and imbalances, many of which could be removed by regrouping common services under the management of the Office.
وإذا كانت الأضابير تتضمن بيانات شخصية غير صحيحة أو بيانات جمعت أو جهزت بطريقة تتعارض مع أحكام القانون، ينبغي أن يكون من حق كل فرد أن يطلب تصحيحها أو حذفها.	If such files contain incorrect personal data or have been collected or processed contrary to the provisions of the law, every individual should have the right to request rectification or elimination.
8 - وقد نوقشت أيضا التقارير الأخرى التي ستنظر فيها اللجنة الخامسة في دورتها المستأنفة الثانية، مثل التقارير التي تُعدها إدارة عمليات حفظ السلام، وإدارة الدعم الميداني، ومجلس مراجعي الحسابات، ومكتب خدمات الرقابة الداخلية، لتأكيد الاتفاق الذي جرى التوصل إليه بشأن مواعيد تقديم التقارير.	Other reports to be taken up by the Fifth Committee at its second resumed session, such as those prepared by the Department of Peacekeeping Operations, the Department of Field Support, the Board of Auditors and the Office of Internal Oversight Services, were also discussed to confirm the agreement reached on the submission dates.
استأنفت اللجنة النظر في هذا البند.	The Committee resumed its consideration of the item.
وفي هذا الصدد فإن التدابير المتخذة وفقا لنظام عملية كمبرلي لإصدار شهادات المنشأ لمكافحة بيع الماس الملطخ بالدماء ينبغي تطبيقها بحذر وترجمتها إلى واقع.	In this regard, the measures taken under the Kimberley Process Certification Scheme to issue certificates of origin to combat the sale of blood diamonds should be scrupulously applied and translated into reality.
وفي آذار/مارس 2002، قدمت اليابان 60 في المائة من الأموال من أجل تمويل حملة العودة إلى المدرسة التي أجرتها بنجاح اليونيسيف في أفغانستان.	In March 2002, Japan had provided 60 per cent of the funding for the Back to School campaign conducted with success by UNICEF in Afghanistan.
ومن الجدير بالذكر أن نسبة النساء في عمالة المقيمين في لكسمبرغ تبلغ 41.3 في المائة.	It should be noted that women account for 41.3 per cent of the resident labour force in Luxembourg.
فهي، بسبب افتقارها إلى الشفافية، تجعل من الصعب مراعاة وجهات النظر المختلفة، وتخنق الفكر الاستراتيجي والإبداع في المستويات الدنيا، ولا تقدم ردودا إلى مختلف أجزاء السلسلة، ولا تفسح المجال للمساءلة وللاعتراف بمساهمة كل فرد في المنتج.	Lacking transparency, it does not facilitate the consideration of different viewpoints, stifles strategic thinking and creativity at the lower levels, does not provide feedback to the different parts of the production chain, and does not engender accountability and recognition for each individual\'s contribution to the product.
الاجتماعات الأخرى المقبلة	Other forthcoming meetings
ومعظم الأهداف والغايات المتفق عليها دوليا في مجالات المساواة بين الجنسين والتعليم والصحة ليست أهدافا في حد ذاتها فحسب بل هي أيضا جزءا من الجهد المبذول للحد من الفقر، سواء بشكل مباشر أو غير مباشر.	Most of the internationally agreed goals and targets in the areas of gender equality, education and health are not only objectives in their own right but are also part of the effort to reduce poverty, both directly and indirectly.
وإذ تؤكد من جديد أهمية نشر المعلومات كأداة لتعزيز أهداف الإعلان، وإذ تضع في اعتبارها دور الرأي العام العالمي في مساعدة شعوب الأقاليم غير المتمتعة بالحكم الذاتي مساعدة فعالة على تقرير مصيرها،	Reiterating the importance of dissemination of information as an instrument for furthering the aims of the Declaration, and mindful of the role of world public opinion in effectively assisting the peoples of Non-Self-Governing Territories to achieve self-determination,
وستوضع الدروس المستفادة من الاجتماع الســنوي الثـــاني في الاعتبــار عند التحضير للاجتماع السنوي الثالث للفريق في عام 2004.	Lessons learned at the second annual meeting will be taken into account while preparing for the third annual meeting of the Group in 2004.
31 - في 30 حزيران/يونيه 2007، بلغت الوفورات والأرصدة غير المنفقة من المبلغ الذي قدره 141.5 مليون دولار والذي خصص لتأسيس مخزونات النشر الاستراتيجية 536 832 دولارا، ستستخدم في الفترة 2007/2008 لتغطية الخسائر المتعلقة بصرف العملات ولتجديد المخزونات، وفقا لقرار الجمعية العامة 59/299.	As at 30 June 2007, savings and unspent balances from the funds of $141.5 million to establish the strategic deployment stocks amounted to $832,536, which would be used in the 2007/08 period to cover losses in currency exchange and the replenishment of the stocks, in accordance with General Assembly resolution 59/299.
ومن منظور الجهات المتلقية، يبدو أن بعض الفوائد تجنى على المدى الطويل: فإلى جانب الاستثمار في تنمية الإسكان، يتم صرف جزء هام من الحوالات على التعليم والصحة.	From the recipients\' viewpoint, there would seem to be some long-term benefits: besides housing development, a good portion of remittances is spent on education and health.
إننا نسعى وشركاءنا في هذه المشاريع إلى تعزيز سيادة القانون عن طريق استحداث هياكل فعالة في مجالي القضاء وإنفاذ القانون.	Together with our partners in these projects, we strive to strengthen the rule of law through efficient judicial and law-enforcement structures.
4 - وقد صوّت الاتحاد الأوروبي لصالح القرار 62/43، مثلما فعله من قبل بخصوص القرار 61/75، الذي أدلى بردّ بشأنه في 18 أيلول/سبتمبر 2007 (انظر A/62/114/Add.1).	The European Union voted in favour of General Assembly resolution 62/43, as it had for resolution 61/75, to which it provided a reply on 18 September 2007 (see document A/62/114/Add.1).
و هـ.	Alan v.
وتطلب اللجنة أن يتضمن طلب الميزانية القادم معلومات عن تقاسم أماكن العمل في المقر وفي غيره من المواقع مع وكالات الأمم المتحدة وشركائها.	The Committee requests that information on sharing of premises at headquarters and other locations with United Nations agencies and partners be included in the next budget submission.
ثم إن تلك الملاحظات لم تتوسع أيضاً في النظر في إعادة التنظيم الكبرى للأمانة التي يقتضيها تنفيذ توصيات فريق الشخصيات البارزة.	Similarly, those reflections did not elaborate on the considerable internal reorganization of the secretariat that would be required for the implementation of the recommendations of the Panel of Eminent Persons.
14 - وتبلغ حاليا الوظائف المدنية التي تم تعيين أفراد فيها 474 1 وظيفة من أصل 569 5 وظيفة مأذونا بها، أو 26 في المائة من القدرة الكاملة.	Recruitment of civilian positions currently stands at 1,474 of 5,569 authorized posts, or 26 per cent of full capacity.
فمن الضروري زيادة تنسيق سياسات المانحين والمواءمة بين الإجراءات.	Greater coordination of donor policies and harmonization of procedures were necessary.
(أ) محسوب على أساس تراكم الخصوم.	a Calculated on an accrued liability basis.
والفرق بين الاغتصاب البسيط والاغتصاب المقيد أصبح لاغيا: وأصبحت المرأة حرة من العقوبة والمذلة في إثبات البراهين التي يطلب منها إبداءها لإثبات الاغتصاب.	The distinction between simple and qualified rape has been abolished; women thus escape the difficulty and humiliation of having to bring proof previously required of them in order to qualify the rape.
ونؤيد القيام ببلورة خطة اقتصادية وتنفيذها، مع التزام من المؤسسات الدولية والمؤسسات المؤقتة في كوسوفو.	We support the development and the implementation of an economic plan, with the engagement of the international institutions and the Provisional Institutions of Kosovo.
وتتضمن غالبية تقارير الدول الأطراف التي نُظر فيها خلال الفترة 2002-2004 إشارات إلى الإعاقة.	The vast majority of the State party reports examined in the period 2002-2004 contain references to disability.
(7) يُزاد عدد أعضاء مجلس الأمن إلى 26 عضوا على الأقل.	(7) The membership of the Security Council should be expanded to at least 26.
هاء - المشاركة	E. Participation
() المرجع نفسه، الفقرة 167.	Ibid., para.
103 - وتلا المتحدث الفقرة 9 من تقرير الأمين العام حيث جاء “ولا تستطيع الإدارة تأييد الاقتراح الداعي إلى عدم الاستعانة بمورّد واحد لأكثر من 10 سنوات”، مشيرا إلى أن الفقرة 76 من تقرير وحدة التفتيش المشتركة قد تناولت هذه المسألة.	With regard to the comment in paragraph 9 of the note by the Secretary-General that “the administration [was] unable to support the suggestion that the same supplier should not be used for more than 10 years”, it should be noted that that question was addressed in paragraph 76 of the report of the Joint Inspection Unit, which made reference to General Assembly resolution 56/235 endorsing the Unit\'s recommendations regarding policies and practices in the use of the services of private management consulting firms (A/54/702).
- جمهورية الكونغو الديمقراطية وأوغندا	The Democratic Republic of the Congo and Uganda
13-2 ويجب القيام بما يلي في تاريخ كل بيان للميزانية العمومية:	13.2 At each balance sheet date:
ولمواصلة تحقيق هذه النتائج الإيجابية، ستتلقى الشرطة عما قريب تدريبا إضافيا في المملكة المتحدة وكندا لتعزيز قدراتها بوجه خاص على التعامل مع “الحالات الكبرى” مثل حالات الشغب ولتحسين الطرق التي تتبعها في التحقيق.	According to the Bermuda Police Commissioner, this development is a result of a more proactive police role. In order to continue these positive results, police are soon to receive additional training in the United Kingdom and Canada, in particular to enhance their abilities to deal with “major situations” such as riots and to improve their investigative methods.
الشكل 7	Figure 7 shows the growing importance of Africa in United Nations expenditures.
54/91 تنفيذ إعلان منح الاستقلال للبلدان والشعوب المستعمرة	54/91 Implementation of the Declaration on the Granting of Independence to Colonial Countries and Peoples
84 - وقال في النهاية إن المجتمع الدولي يجب ألا يدخر جهداً من أجل تخفيف أعباء البلدان المضيفة وخاصةً منها البلدان النامية التي تعاني من شحة الموارد ومساعدة البلدان المعنية على تقوية قدراتها على استقبال اللاجئين أو إعادة إدماج العائدين منهم.	The international community must spare no effort to lighten the burden of host countries, especially developing countries with scarce resources, and to assist such countries to strengthen their capacity to host refugees and to reintegrate repatriated persons.
Muir.	Muir.
لـِمَ يريدون هذه الأسلحة؟ هل الهدف من تطوير وتخزين هذه الأسلحة الفتاكة نشر السلام والديمقراطية؟ أم أن الأسلحة هي في واقع الأمر أدوات للإكراه والتهديد الموجَّه ضد الشعوب والحكومات الأخرى؟	Is the development and stockpiling of such deadly weapons designed to promote peace and democracy? Or, are the weapons actually instruments of coercion and threat directed against other peoples and Governments?
يجوز لكل دولة طرف أن تعتمد ما قد يلزم من تدابير تشريعية أو تدابير أخرى لكي تأخذ بعين الاعتبار، وفقا لما تراه ملائما من شروط، وللغرض الذي تعتبره ملائما، أي حكم ادانة صدر سابقا بحق الجاني المزعوم في دولة أخرى، بغية استخدام تلك المعلومات في اجراءات جنائية ذات صلة بجرم مشمول بهذه الاتفاقية.	Each State Party may adopt such legislative or other measures as may be necessary to take into consideration, under such terms as and for the purpose that it deems appropriate, any previous conviction in another State of an alleged offender for the purpose of using such information in criminal proceedings relating to an offence covered by this Convention.
15 - واستطردت قائلة إنه بينما يمكن للمرأة الموظفة في الوكالات الحكومية أن تأخذ إجازة أمومة مدفوعة الأجر لمدة ثلاثة أشهر، فإن المرأة الموظفة في القطاع الخاص لا تتمتع بضمان أية إجازة من هذا القبيل، بل إن العديد منهن يُفصلن من عملهن، سرا، بعد الحمل.	While women on the staff of government agencies could take three months of paid maternity leave, women employed in the private sector had no guarantee of such leave and many were even dismissed, covertly, after a pregnancy.
ونحن نؤيد الممثل السامي في حكمه بشأن استخدام سلطات بون أو عدم استخدامها في كل مناسبة بعينها.	We support the High Representative in his judgment as to whether or not to use them on each particular occasion.
67 - وينبغي توجيه مراكز الإعلام التابعة للأمم المتحدة كي تنشر المعلومات عن إنهاء الاستعمار في الأقاليم والدول القائمة بالإدارة.	United Nations information centres should be directed to disseminate information on decolonization to the Territories and to the administering Powers.
ووفدي يؤيد البيانات التي أُدلِي بها نيابة عن مجموعة الـ 77 والصين والمجموعة الأفريقية.	My delegation associates itself with the statements made on behalf of the Group of 77 and China and the African Group.
المادة 10	Article 10
تعزيز وحماية جميع حقوق الإنسان، المدنية والسياسية والاقتصادية والاجتماعية والثقافية، بما في ذلك الحق في التنمية	PROMOTION AND PROTECTION OF ALL HUMAN RIGHTS, CIVIL, POLITICAL, ECONOMIC, SOCIAL AND CULTURAL RIGHTS, INCLUDING THE RIGHT TO DEVELOPMENT
المادة 16	Article 16
وعليه، فمطلوب موظف للمطالبات برتبة ف-3 ومساعد لشؤون المطالبات من فئة الخدمات العامة (الرتب الأخرى) في إطار المساعدة العامة المؤقتة.	Consequently, a P-3 level Claims Officer and a General Service (Other level) Claims Assistant is requested under general temporary assistance.
ونتفق مع الاتحاد الأوروبي على أن عبارة ”بناء السلام“ الواردة في الفقرة الثالثة من الديباجة والمادة الثانية 1 (أ) من البروتوكول لا تقتصر على الصراع أو حالات ما بعد الصراع.	We agree with the European Union that the term “peacebuilding” in preambular paragraph three and article II.1(a) of the Protocol is not restricted to conflict or post-conflict situations.
235- وتعرب اللجنة عن قلقها لأنه بينما اشتمل قانون عام 1992 المتعلق بحماية الشباب على أحكام عديدة من اتفاقية حقوق الطفل، فإن التشريع المحلي لا يزال بحاجة إلى التعديل وإلى سن قوانين جديدة من أجل التنفيذ التام لمبادئ وأحكام الاتفاقية.	The Committee expresses its concern that while the 1992 Law on Youth Protection covers several provisions of the Convention on the Rights of the Child, domestic legislation still needs to be amended and new laws enacted to fully implement the principles and provisions of the Convention.
- وبالنسبة المئوية للنساء في برلمان أوروغواي، وهي 10.8 في المائة، تقل كثيرا عن المتوسط في الأمريكتين، وهو 18.9 في المائة، وتضع البلد في المرتبة الثالثة عشرة في قائمة البلدان الـ 19 في أمريكا اللاتينية().	The percentage of women in the Uruguayan parliament, at 10.8%, is far below the average for the Americas (18.9%), and places the country in slot 13 on the list of 19 Latin American countries.
باء - الغاية: تعزيز التنفيذ الاستراتيجي لإطار عمل المبادرة الدولية للشُعب المرجانية	18 The Convention\'s official financing mechanism, the UNESCO World Heritage Fund, has a total annual budget of only some $4 million to cover more than 600 cultural and natural sites.
”42 - وأشار العديد من المتكلمين إلى أن هروب رؤوس الأموال يمثل خسارة كبيرة في الموارد بالنسبة للبلدان النامية.	“42.
وتضاعف عدد مراكز نقل الدم، وافتتحت سبعة مراكز جديدة للاستشارة والفحص.	The number of blood transfusion centres has doubled, and seven new centres for counselling and examinations have been opened.
ويرى المفتشون أنه ينبغي وضع استراتيجية مشتركة لحشد الموارد، تستجيب لاحتياجات الأطراف المتأثرة وللشروط الداخلية للمؤسسات والهيئات الفرعية التابعة للاتفاقية.	The Inspectors are of the view that there should be a common fund-raising strategy addressing both the needs of affected parties and the internal requirements of the institutions and subsidiary bodies of the Convention.
إن العبرة التي استلهمتها الولايات المتحدة من العديد من الصراعات الأفريقية الحالية تتمثل في أنه عندما يتخذ المجلس والحكومات الأفريقية موقفا واضحا بشأن من يتحمل مسؤولية الحروب في أفريقيا، فإن ذلك يدعم جهودنا لوضع حد لذلك العدوان.	The lesson the United States draws from several current African conflicts is that when the Council and African Governments are clear about who bears responsibility for war in Africa, it bolsters our efforts to end that aggression.
2 - التقدم المحرز في تنفيذ ومتابعة نتائج القمة العالمية لمجتمع المعلومات على الصعيدين الإقليمي والدولي.	Progress made in the implementation of and follow-up to the outcomes of the World Summit on the Information Society at the regional and international levels.
ومع ذلك فإن من الأمور الملحة اليوم وضع نموذج اقتصادي لا يعتمد على قطاعي المواد الأولية والطاقة، ويملك القدرة اللازمة على دعم النمو المستدام وزيادة القدرة التنافسية للمنتجات الروسية.	However, there was still an urgent need to develop an economic model that did not rely on the raw-material and energy sectors and had the necessary capacity to spur sustainable growth and raise the competitiveness of domestic producers.
وترد هذه المعلومات في الوثيقة FCCC/SBSTA/2008/INF.3.	This information is contained in document FCCC/SBSTA/2008/INF.3.
ويوجد الآن 28 دولةً طرفاً في هذا البروتوكول.	There are currently 28 Parties to this Protocol.
الوثائق	Documentation
وسُجلت تنـزيلات حاسوبية من الإنترنت* مجموعها 000 750، بالمقارنة بـ 000 276 عملية تنزيل سابقا.	A total of 750,000 downloads from the website* were registered, compared with 276,000 previously.
وتضطلع الولايات المتحدة وأصدقاء تيمور - ليشتي الآخرون ببرامج لإسداء المشورة وتقديم التدريب للشرطة سوف تسد بعض الفراغ الذي يخلفه رحيل الشرطة المدنية التابعة للأمم المتحدة، ونعتزم مواصلة برنامجنا لتدريب الشرطة في تيمور - ليشتي بعد أن تختتم البعثة أعمالها في أيار/مايو 2005.	The United States and other friends of Timor-Leste have police adviser and training programmes that will fill some of the gap as United Nations civilian police leave, and we plan to continue our police training programme in Timor-Leste after UNMISET concludes its work in May 2005.
9 - وخلال السنوات الـ 25 الماضية، ظل نظام الأحزاب في كاليدونيا الجديدة تحت سيطرة الحزب المناهض للاستقلال، حزب التجمع من أجل بقاء كاليدونيا داخل الجمهورية الذي أسسه وقاده حتى عام 2005 رئيس الإقليم الجنوبي جاك لوفلير الذي تولى رئاسته لفترة طويلة.	For the past 25 years, the party system in New Caledonia has been dominated by the anti-independence RPCR, which was founded and led until 2005 by long-time President of the South Province, Jacques Lafleur.
المحتويات	Contents
وكان الدفع مطلوبا بواسطة خطابات اعتماد نهائية يصدرها المشتري، على أن يتم تسليم البضاعة على ثلاث دفعات.	Payment was to be made by irrevocable letters of credit (L/C) issued by the buyer and delivery was to be made in three installments.
ومن أجل دعم عملية التحول تلك، تقدم حكومتي نصف مليون جنيه في شكل برامج ثنائية إنمائية وإنسانية.	In support of that transformation process, my Government is providing half a billion pounds in bilateral development and humanitarian programmes.
وفي جنوب السودان، سجل الالتحاق بالمدارس الابتدائية زيادة حادة بفضل ”حركة تعليم البنات“ ومبادرة ”العودة إلى المدرسة“.	In Southern Sudan, through the Girls\' Education Movement and the go-back-to-school initiative, primary school enrolment dramatically increased.
(توقيع) نبيل رملاوي	the United Nations Office at Geneva addressed to the United Nations
(ج) بيان معدل أيام العمل الضائعة وفقاً للمعادلة التالية:	State lost day rate (LDR) by calculating as follows: Definitions Injury: A non-fatal or fatal injury arising out of or in the course of work.
وقد أجريت دراسة استقصائية للعملاء على مستوى المنظومة للخدمات التي تقدمها إدارة الشؤون الإدارية، وذلك لتحديد معايير يمكن قياس الأداء في المستقبل بالنسبة لها.	An Organization-wide client survey of services provided by the Department of Management was carried out to establish benchmarks against which future performance can be measured.
وقال إن اليابان تحث جميع الدول الأطراف على إعادة تأكيد إرادتها لإزالة كافة الأسلحة النووية، حتى لا يتكرر أبدا حدوث كوارث من هذا النوع، الأمر الذي يطمح إليه أيضا الرأي العام والمجتمع الدولي.	Japan called upon all States parties to reaffirm their commitment to the elimination of all nuclear weapons in order to ensure that such disasters were never repeated — a desire shared by the general public and the international community.
المحاسبة الخاصة بالمؤسسات الصغيرة والمتوسطة الحجم*	Accounting by Small and Medium-Sized Enterprises *
تصويب	Corrigendum
وتشجع الوكالة الوطنية للروما، على تنظيم برامج تدريبية للشرطة بشأن ثقافة الروما.	It encourages the National Agency for Roma to organize training programmes for the police on Roma culture.
11 - واسترسل قائلا إن الدول التي تحبذ عقد مؤتمر ترى بأن الدفاع عن حقوق المهاجرين أمر مهم.	The countries favouring the convening of a conference emphasized the need to safeguard the rights of migrants.
والمجتمع الدولي، فيما يخصه، ينبغي أن يستغل هذه اللحظة كفرصة لدفع عملية السلام إلى الأمام.	The international community, for its part, should seize such a moment as an opportunity to move the peace process forward.
المعارضون:	Against:
11 - الرئيس: قال إن اللحنة دائما ما توفد بعثات زائرة كلما أمكن ذلك، على أن تتبع الإجراءات الواجبة.	The Chairman said that the Committee had always conducted visiting missions whenever possible, provided that the proper procedures were followed.
• النهوض بالأسواق التي تركز على معايير التنمية المستدامة.	• Promotion of markets emphasizing sustainable development criteria.
48 - وأضاف قائلاً إن حكومته تؤيد عمل الفريق العامل الأول وتتخذ وجهة نظر إيجابية إزاء جهود الفريق العامل الثاني لتوسيع استخدام الإجراءات المتفق عليها ولضمان استخدام أساليب حديثة للوساطة والتوفيق، نظراً لأن حكومته مقتنعة بأن هذه الأنشطة سوف تسمح بإحراز درجة كبيرة في تعزيز النظام المتعدد الأطراف من أجل تسوية المنازعات التجارية عن طريق مشاركة المنظمات غير الحكومية المتخصصة في حل المنازعات بهذا الطابع.	His Government supported the work of Working Group I and took a positive view of the endeavours of Working Group II to widen the use of agreed procedures and to secure the introduction of modern methods of mediation and conciliation, since it was convinced that such activities would permit a substantial strengthening of the multilateral system for the settlement of commercial disputes through the participation of non-governmental organizations specializing in the resolution of disputes of that nature.
() على سبيل المثال، تلاحظ الدراسة المتعلقة بفيجي، في إطار الاتحاد الدولي للصليب الأحمر، أن مستخدمي الإغاثة الأجانب التابعين للمنظمات غير الحكومية، وإن لم تكن لهم ترتيبات أمنية خاصة مع حكومة فيجي ولا يتمتعون بالعديد من الامتيازات والحصانات الشاملة على غرار المنظمات الدولية والبعثات الدبلوماسية، فإنهم مع ذلك يتمتعون بحصانة محدودة من بعض المسؤوليات بموجب القانون الوطني لإدارة الكوارث الذي ينص على أن \'\'الشخص الذي يقوم بدور أو يتولى مسؤولية وفقا للخطة الوطنية لإدارة الكوارث أو خطة دعم الوكالات أو أي أنظمة تسري خلال حالة طوارئ لا يساءل عن أي إصابة أو خسارة يلحقها بأي شخص آخر، ما لم تكن تلك الخسارة أو الإصابة ناتجة أو ناشئة عن تقصير أو خطأ``.	For instance, the IFRC study on Fiji notes that foreign relief workers of non-governmental organizations, while not having special security arrangements with the Fiji Government nor enjoying many blanket privileges and immunities as do international organizations and diplomatic missions, do receive limited immunity from certain liabilities under the National Disaster Management Act, which provides that “a person performing a role or discharging a responsibility in accordance with the National Disaster Management Plan, Agency Support Plan or any regulations which apply during an emergency situation shall not be liable for an injury or loss sustained by any other person, unless such loss or injury is caused by or arises from negligence or wilful default”.
وإسرائيل تتخذ كل ما يلزم من تدابير لمنع وقوع أي ضرر للمواقع الدينية الإسلامية.	Israel took all necessary measures to prevent any damage to Islamic religious sites.
وخلص حساب القيمة الاكتوارية في 31 كانون الأول/ديسمبر 2001 إلى وجود فائض اكتواري قدره 2.92 في المائة من الأجر الداخل في حساب المعاش التقاعدي.	At the time of this report, the General Assembly has not invoked this provision. The result of the actuarial valuation as of 31 December 2001 was an actuarial surplus of 2.92 per cent of pensionable remuneration.
2 - المجموعة الثانية: تحركت المجموعة المكونة من تسعة مفتشين برئاسة (كريك لافندر) من فندق القناة في الساعة 30/8 صباحا، ووصلت إلى شركة حطين العامة الواقعة على بعد 50 كم جنوبي بغداد وهي إحدى شركات هيئة التصنيع العسكري، وسبق أن زارها فريق تفتيش الوكالة الدولية للطاقة الذرية يوم 14 كانون الأول/ديسمبر 2002.	(b) A second group, consisting of nine inspectors and led by Karik Lafandar, left the Canal Hotel at 0830 hours and proceeded to the Hattin State Enterprise, an MIC company located some 50 kilometres south of Baghdad.
بين الإنسان والطبيعة: تعزيز الثقافة البيئية وأنشطة حماية البيئة وتنمية الوعي البيئي في النظم التعليمية ووسائط الإعلام.	Between humans and nature: promotion through educational systems and the communications media of environmental education and activities to encourage environmental conservation and the development of ecological awareness
ويمكن الإطلاع على الموقع في العنوان التالي: http://www.icj cij.org.	The website can be visited at the following address: http://www.icj-cij.org.
والمهم في هذا الإطار هو تعريف الدولة المرتع الوارد في الاتفاقية (الفقرة 1 (ح) من المادة الأولى)، الذي يصف الدولة المرتع بالنسبة لنوع مهاجر محدد بأنها أية دولة تمارس الولاية القضائية على أي جزء من مرتع هذا النوع، أو دولة تحمل علمها سفينة على متنها هذا النوع المهاجر خارج حدود الولاية الوطنية.	Significant in this regard is the definition of a range State provided by the Convention (article I, para. 1(h)), according to which a range State in relation to a particular migratory species means any State which exercises jurisdiction over any part of the range of that species, or a State, flag vessels of which are engaged outside national jurisdictional limits in taking that migratory species.
وهي تتساءل مع هذا عن كيفية قيام المجتمع الدولي بضمان تنفيذ إحدى فتاوى هذه المحكمة في حين أن الولايات المتحدة قد اضطلعت 29 مرة بممارسة حقها في الاعتراض بمجلس الأمن من أجل منع الفلسطينيين من التمتع بحقوقهم.	He wondered how the international community could ensure that an opinion of the Court was implemented when, on 29 occasions, the United States had exercised its right to veto in the Security Council to prevent Palestinians from enjoying their rights.
وتضم القائمة حالياً أسماء 429 من الأفراد والكيانات المنتمين إلى القاعدة و/أو الطالبان أو المرتبطين بهما.	The List currently holds the names of 429 individuals and entities belonging to or associated with Al Qaeda and/or the Taliban.
غير أن معظم حكومات الولايات والأقاليم أصدرت تشريعات ضد جريمة العبودية الجنسية.	However, most state and territory governments have enacted legislation against the offence of sexual servitude.
ورغم الصعوبات التي تواجهها منظمة حظر الأسلحة الكيميائية إزاء أنشطة التحقق التي تضطلع بها، فان وفد بلادي على ثقة بأن المنظمة ستحقق أهدافها النبيلة بدعم لا يحيد من المجتمع الدولي.	Despite the difficulties encountered by the OPCW in carrying out its verification activities, my delegation is confident that the Organization will achieve its noble goals with the unswerving support of the international community.
ويمكن طرح سؤال في هذا الوقت: لماذا يشترك غير الأعضاء في الجلسات المفتوحة للمجلس؟ إذا كان لأحد أن يجيب، فهو أن اشتراكهم ليس سببه إدخال بياناتهم في المحاضر.	One question may be asked at this point: why do non-members join in open meetings of the Council? If one may venture an answer, it is not because they want to have their statements entered in the record books.
إن مشروع القرار يحيي اللحظة الجديدة التي نواجهها في تاريخ العراق: ألا وهي أن احتلال العراق سينتهي؛ وسيتولى الشعب العراقي المسؤولية الكاملة والسلطة لحكم أمة فخورة وغنية.	The draft salutes the new moment that we are facing in Iraq\'s history: the occupation of Iraq will end, and the Iraqi people will assume full responsibility and authority for governing a proud and rich nation.
أقرت اللجنة جدول الأعمال التالي:	The Committee adopted the following agenda:
التعاون بين الأمم المتحدة والاتحاد الأفريقي	Cooperation between the United Nations and the African Union
وقد تعرضت اللجنة إلى هذا الشرط وذلك بالتنظيم بمقتضى المواد 14 و 15 و 16 من المشروع.	The Commission has dealt with this requirement, which is governed by articles 14, 15 and 16 of the draft.
البند 109 من جدول الأعمال: متابعة السنة الدولية لكبار السن: الجمعية العالمية الثانية للشيخوخة (تابع)	Agenda item 109: Follow-up to the International Year of Older Persons: Second World Assembly on Ageing (continued)
وتؤيد باكستان البيان الذي أدلت به سفيرة مصر السيدة نائلة جبر بالنيابة عن مجموعة ال‍ 21 في 15 آذار/مارس 2005.	Pakistan associates itself with the statement delivered on behalf of the Group of 21 by Ambassador Naéla Gabr of Egypt on 15 March 2005.
8 - وقدم الدكتور جيوف أولدهام، الرئيس المشارك للمجلس الاستشاري للشؤون الجنسانية التابع للجنة بيانا موجزا عن منشأ وأنشطة المجلس منذ إنشائه في عام 1993 في الدورة الأولى للجنة.	Dr. Geoff Oldham, the Co-Chair of the Commission\'s Gender Advisory Board, briefly outlined the origins and activities of the Board since its inception in 1993 at the first session of the Commission.
وأشار إلى اتفاق نوميا الجاري العمل به، والذي قضى بتقسيم كاليدونيا الجديدة إلى ثلاث مقاطعات، وكان ينظر إليه على أنه خطوة هامة نحو تحقيق الحكم الذاتي.	He referred to the Nouméa Accord currently being implemented, which had created three provinces of New Caledonia, and was seen as an important step towards self-governance.
161- افتتح سعادة السيد سيلسو أموريم، وزير الشؤون الخارجية في البرازيل، المؤتمر الإقليمي رسمياً وألقى بياناً بالمناسبة.	The Regional Conference was officially opened by His Excellency Mr. Celso Amorim, Minister for Foreign Affairs of Brazil, who made a statement.
واعتمدت خطة العمل الوطنية للعمالة لسنتي 1999 و 2000 اقتراحات الأمانة العامة للمساواة الرامية إلى تمثيل المرأة على قدم المساواة مع الرجل في جميع مجالات العمالة في القطاعين العام والخاص.	The 1999 and 2000 National Action Plan for Employment endorsed the proposals of the General Secretariat for Equality aimed at the equal representation of women and men in all employment areas of the public and private sectors.
حضر ممثل عن منظمة أنصار حقوق الإنسان في منيسوتا مؤتمر الأمم المتحدة الدبلوماسي لإنشاء المحكمة الجنائية الدولية (روما، 1998).	A representative of Minnesota Advocates for Human Rights attended the United Nations diplomatic conference to create an international criminal court (Rome, 1998).
1-3 السياق السياسي	Political context
(د) تعزيز حقوق اللاجئين والمشردين؛	(d) To promote the rights of refugees and displaced persons;
ومن الناحية الأخرى كان بوسع الدائن المضمون المسجّل الأول أن يحمي نفسه بالتحقق من أن مانح الضمان كان، في الوقت الذي تحصّل فيه ذلك الدائن المضمون على حقه الضماني، حائزا للموجودات المحمّلة بأعباء.	On the other hand, the first-registered secured creditor could have protected itself by verifying that the grantor was in possession of the encumbered assets at the time that secured creditor obtained its security right.
(ه‍) تعيين موظفي المعهد بمن فيهم وكيل المدير وتوجيههم، بالنيابة عن الأمين العام؛	(e) Appoint and direct the staff of the Institute, including a Deputy Director, on behalf of the Secretary-General;
تقرير الأمين العام عن خطة العمل الدولية لعقد الأمم المتحدة لمحو الأمية: توفير التعليم للجميع A/C.3/56/L.10/Rev.1)، الفقرة 11)	Report of the Secretary-General on an international plan of action for the United Nations literacy decade: Education for All (A/C.3/56/L.10/Rev.1, para.
4 - تدعو أيضا مجلس الأمن إلى النظر في جدوى وضع مبادئ توجيهية ملائمة بشأن جملة أمور منها شكل المعلومات التي يطلب إلى جميع الدول تقديمها إلى لجنة مكافحة الإرهاب للنظر فيها، وبشأن حجم تلك المعلومات بقدر ما يكون ذلك ممكنا ومقبولا؛	Also invites the Security Council to consider the merits of establishing appropriate guidelines for, inter alia, the format and, to the extent feasible and acceptable, the volume of communications that all States are requested to submit for consideration by the Counter-Terrorism Committee;
61- وفي الدورة ذاتها، ناشدت الهيئة الفرعية للمشورة العلمية والتكنولوجية أمانة النظام العالمي لمراقبة المناخ، لدى وضع اللمسات الأخيرة على خطة التنفيذ المتعلقة بالنظم العالمية المتكاملة لمراقبة المناخ والممتدة على فترة تتراوح بين 5 و10 سنوات، أن تحدد بوضوح أولويات العمل، مع مراعاة آراء الأطراف والبرامج والهيئات الدولية المعنية بالموضوع.	Note by the secretariat
وتركيا، إذ تدرك ذلك الإطار الواسع، فإنها تركز حاليا على البعد الأمني لعملية بناء السلام وتولي أهمية خاصة لعنصر الشرطة المدنية في بعثات الأمم المتحدة.	Cognizant of that wide framework, Turkey is currently focusing on the security dimension of the peacebuilding process and attaches particular importance to the civilian police component of United Nations missions.
غير أنه جدير بالملاحظة أن المرأة تستطيع الدخول إلى جميع الجامعات بينما لا يمكن قبول الرجل في الجامعات الخاصة بالمرأة.	However it is worth noting that women can be admitted to all universities while men cannot be admitted to women\'s universities.
وأضاف أن الإرهاب يمثل انتهاكا لحقوق الإنسان، وخاصة لحق الحياة، ويقوض التنمية والسلم والأمن.	Terrorism constituted a violation of human rights, in particular the right to life, and undermined development, peace and security.
وفي الوقت ذاته، تعرب عن أملها في أن تجري المحافظة على التوازن فيما يتعلق بالبرامج القائمة مثل البرامج المتكاملة وأطر الخدمات القطرية.	At the same time, it was hoped that balance would be maintained with regard to existing programmes such as integrated programmes and Country Service Frameworks.
[(د) بيان بأقصى مبلغ نقدي يمكن إنفاذ الحق الضماني فيه [إذا رأت الدولة أن هذه المعلومة ضرورية لتيسير أي إقراض ثانوي].	[(d) A statement of the maximum monetary amount for which the security right may be enforced [if a State elects that such information is necessary to facilitate subordinate lending. ]
ويرد في أنحاء هذا التقرير تحت الفروع ذات الصلة ذكر لأمثلة عن البرامج ذات الحساسية الثقافية بالنسبة لنساء وفتيات الشعوب الأصلية.	Examples of culturally sensitive programmes with indigenous women and girls are mentioned throughout the present report under the relevant sections.
27-28; CEDAW/C/IND/CO/3, paras.	27-28; CEDAW/C/IND/CO/3, paras.
المادة 14	Rule 14
وعلاوة على ذلك، أشير إلى أنه سيكون من اللازم لدى الحديث عن إدارة الملاحة الفضائية ألا يشمل الأمر المدارات الثابتة والقريبة من الأرض فقط، بل كذلك مناطق أخرى من الفضاء الخارجي أخذت تزداد ازدحاماً.	Furthermore, it was suggested that when talking about space traffic management it would be necessary to include not only geostationary orbits and near-Earth orbits, but also other regions of outer space that are becoming increasingly cluttered.
277- وخلاصة ذلك، يوصي الفريق بمنح تعويض قدره 032 488 9 ديناراً كويتياً عن مطالبة شركة الحفر الكويتية مقابل أجهزة الحفر المفقودة ونقلها.	In summary, the Panel recommends the award of compensation of KWD ,488, in respect of KDC\'s claim for lost drilling and transportation equipment.
فز ف. جاكوب	Environmental Protection
وفي أفغانستان، يبين المجتمع الدولي كيفية التنفيذ بشكل ملموس لمبدأ المسؤولية.	In Afghanistan, the international community is demonstrating how the principle of responsibility can be put into practice in concrete terms.
وأن العولمة وأوجه التقدم الاجتماعي، وخاصة الثورة في علم الحاسوب، وبرامج التكيف الهيكلي وسياسات التحرير قد أدت إلى تدهور الخدمات الاجتماعية في البلدان الأقل تقدماً.	Globalization, technological advances, especially the revolution in computer science, structural-adjustment programmes and liberalization policies had resulted in a deterioration in social services in the less advanced countries.
الملاحظات الختامية: غيانا	Concluding observations: Guyana
وأدلى ممثلو كوبا، والصين، وباكستان، وموريتانيا (الذي أبلغ اللجنة لاحقا أنه كان ينوي التصويت لصالح الفقرتين 2 و3 من منطوق مشروع القرار A/C.1/61/L.38)، والجمهورية العربية السورية، وأيضا والجمهورية العربية السورية (باسم جامعة الدول العربية)، ببيانات، تعليلا للتصويت، بعد التصويت.	In explanation of vote after the vote, statements were made by the representatives of Cuba, China, Pakistan, Mauritania (who subsequently informed the Committee that they intended to abstain on the operative paragraph 2 and 3 of draft resolution A/C.1/61/L.38), the Syrian Arab Republic and also the Syrian Arab Republic (on behalf of the League of Arab States).
وكثيرا ما يشار إلي جوانب القلق المرتبط بتحصيل الإيرادات كأحد أسباب مقاومة إصلاح السياسات التجارية في البلدان المنخفضة الدخل.	Despite new initiatives on the part of the EU (like the aforementioned “Everything But Arms” agreement), generally speaking the results from preferential agreements have been disappointing.
- تعمل الحكومة السورية على عدم التمييز بين المواطنين وفقاً لدستور البلاد الدائم،فعلى صعيد التعليم فإن المساواة مكفولة بالدستور والقانون دونما تمييز بسبب العرق أو اللون أو الجنس أو اللغة أو الدين أو الرأي السياسي أو الأصل القومي أو الاجتماعي أو الثروة أو النسب أو غير ذلك من الأسباب وهناك منهاج تعليمي يتم تدريسه في المدارس السورية لجميع المواطنين دونما استثناء أما مشكلة التسرب والأمية فهي مشاكل تخص مناطق معينة في سورية، ، لذلك أولت الخطة الخمسية العاشرة اهتمامًا كبيرًا بهذه المناطق وأعطتها الأولوية وشكلت لجنة من الوزراء لجهة تخصيص الموارد المالية والبشرية لتنمية هذه المناطق وسد الفجوات.	The Syrian Government is working for non-discrimination among citizens in accordance with the country\'s Permanent Constitution. In education, for instance, equality is guaranteed by the Constitution and by law, without discrimination on grounds of race, colour, sex, language, religion, political opinion, national or social origin, wealth, parentage or for any other reason. The educational curriculum studied in Syrian schools is for all citizens, with no exceptions. Drop-out and illiteracy are problems peculiar to specific areas of Syria. The Tenth Five-Year Plan consequently devotes great attention to those areas, to which it accords priority, and a ministerial committee has been formed to allocate financial and human resources for the purpose of developing those areas and closing the gaps.
مرفق الرسالة المؤرخة 30 آذار/مارس 2007 الموجهة إلى الأمين العام من الممثل الدائم للسودان لدى الأمم المتحدة	Annex to the letter dated 30 March 2007 from the Permanent Representative of the Sudan to the United Nations addressed to the Secretary-General
تقرير اللجنة المعنية بالقضاء على التمييز ضد المرأة (المادة 21 من اتفاقية القضاء على جميع أشكال التمييز ضد المرأة) (9)	Report of the Committee on the Elimination of Discrimination against Women (article 21 of the Convention on the Elimination of All Forms of Discrimination against Women)9
كما يُعتقد أنهم قاموا بتدمير مدرسة أبرشية موراما ومدرسة نياكارامبو التابعة لكنيسة العنصرة وقاموا بنهب السكان.	They are also alleged to have destroyed the Murama parish school and the school belonging to the Pentecostal Church in Nyakarambu, and to have carried out lootings.
يكون مذنباً بارتكاب جريمة وعرضه للحكم عليه بغرامة لا تتجاوز ألفي راند أو السجن لمدة لا تتجاوز عامين أو بكلتا العقوبتين“.	Shall be guilty of an offence and liable on conviction to a fine not exceeding two thousand rand or to imprisonment for a period not exceeding two years or both such fine and such imprisonment.”
وإضافة إلى ذلك، ينتظر تقديم ترشيحات لمنصبَي رئيس ومقرر الهيئة الفرعية للتنفيذ.	Furthermore, nominations are pending for the posts of the Chair and the Rapporteur of the Subsidiary Body for Implementation (SBI).
16 - وفي حين أن عملية نزع الأسلحة الثقيلة قد بدأت في مزار الشريف، فإن المرحلة التجريبية لنزع السلاح والتسريح وإعادة الإدماج ستبدأ في مطلع كانون الثاني/يناير، لإتاحة الوقت الكافي للتحقق من جميع الفرق الأربع في المنطقة ومن قوائم الجنود والضباط المتوقع أن يشاركوا في هذه العملية، والبالغ عددهم 000 2 فرد، وهو ضعف العدد المشترك في المرحلتين التجريبيتين في قندوز وغارديز.	While heavy weapons disarmament has begun in Mazar-i-Sharif, the disarmament, demobilization and reintegration pilot phase will start in early January to allow sufficient time to verify all four divisions in the area and lists of the 2,000 soldiers and officers expected to go through the process — twice as many as in the pilot phases in Kunduz and Gardez.
الإيضاح 1	INAFIB National Institute for Family Wellbeing
وأضاف أن مشاريع المواد جيدة التوازن وأنه يوافق على نهج الخطوتين الذي أوصت به لجنة القانون الدولي.	The draft articles were well balanced and he agreed with the two-step approach recommended by the Commission.
كما تطلب اللجنة بشكل روتيني موافاتها بمعلومات بشأن المساواة بين الرجل والمرأة في حق التمتع بالحقوق التي يكفلها العهد، وذلك في قائمة المسائل المتعلقة بتقارير الدول الأطراف وخلال حوارها مع هذه الدول.	The Committee also routinely requests information on the equal enjoyment by men and women of the rights guaranteed under the Covenant in its list of issues in relation to States parties\' reports and during its dialogue with States parties.
وعلى الصعيد القطري، ستدعو اليونيسيف إلى وضع ترتيبات للتخطيط والتنسيق والرصد فيما يتعلق بصحة الأمهات والرضع والأطفال والتغذية، تعمل في إطار آليات التنسيق الموجودة على مستوى القطاعات تحت قيادة الحكومة.	At the country level, UNICEF will advocate for maternal, newborn and child health and nutrition planning, coordination and monitoring arrangements, operating within existing sector-wide coordination mechanisms under government leadership.
وهذا اقتراح مهم جداً، ومما لا شك أن الساسة يحملون مسؤولية كبرى في هذا الخصوص.	That was a very interesting suggestion and politicians certainly bore a great responsibility in that respect.
لكل دولة من دول طبقة المياه الجوفية سيادة على ذلك الجزء من طبقة المياه الجوفية أو شبكة طبقات المياه الجوفية العابرة للحدود الذي يقع داخل إقليمها.	Each aquifer State has sovereignty over the portion of a transboundary aquifer or aquifer system located within its territory.
المادة ٧٩- اتفاق التحكيم في النقل الملاحي غير المنتظم	Article 79. Arbitration agreement in non-liner transportation
انظر قرار المجلس 2006/32.	I, sect. See Council resolution 2006/32.
ولن تردم جميع الثغرات في الكفاح الدولي ضد الإرهاب إلا حينما تعتبر البلدان القوى الإرهابية المهدِّدة لبلدان أخرى أعداء لها وتتكاتف مع بلدان أخرى في المكافحة الفعالة لهذه القوى.	Only when countries regard terrorist forces threatening other countries as their own enemies and join hands with other countries in effectively combating such forces will all the gaps in the international struggle against terrorism be filled.
وفي هذا السياق، أود أن أشير إلى أن مؤتمر نزع السلاح في جنيف سيبدأ أعماله يوم 29 تموز/يوليه ويختتمها يوم 13 أيلول/سبتمبر.	By the way, I should like to recall that the Conference on Disarmament in Geneva will start work on 29 July and end it on 13 September, and that the conference on the Ottawa Convention on landmines will be held from 16 to 20 September.
نحن الحكومات المشاركة في الدورة الاستثنائية للجمعية العامة	We the Governments participating in the special session of the General Assembly
ب - وثائق الهيئات التداولية: تقارير عن البرتوكول الاختياري لاتفاقية حقوق الطفل (بيع الأطفال) (12)؛ تقارير عن البروتوكول الاختياري لاتفاقية حقوق الطفل (النزاعات المسلحة) (12)؛ ملاحظات ختامية بشأن تقارير الدول (36)؛ قوائم بالمسائل المتصلة بجميع التقارير القطرية (بما في ذلك البروتوكولات الاختيارية) (50)؛ تعليقات عامة (5)؛	b. Parliamentary documentation: reports on the Optional Protocol to the Convention on the Rights of the Child (sale of children) (12); reports on the Optional Protocol to the Convention on the Rights of the Child (armed conflict) (12); concluding observations on State reports (36); lists of issues relating to all country reports (including optional protocols) (50); general comments (5);
44- وأردفت تقول إن المنظمات غير الحكومية المشاركة في عملية المؤتمر العالمي تعرف أن النقاش فيما بينها لا يتميز دوماً بالتفاهم المتبادل والوحدة والتضامن.	NGOs involved in the World Conference process knew that debates among the NGO community were not always marked by mutual understanding, unity and solidarity.
وعلى نحو مماثل ، تنص اتفاقية الأمم المتحدة لمكافحة الجريمة المنظمة العابرة للحدود الوطنية، التي صدقت عليها أيضا فنزويلا، على أن عبارتــي “تجميـــد” أو “ضبــــط” تعــــني مؤقتـــا نقل الممتلكات أو تبديلها أو التصرف فيها أو تحريكها أو إخضاعها للحراسة أو السيطرة المؤقتة بناء على أمر صادر عن محكمة أو سلطة مختصة أخرى.	Similarly, the United Nations Convention against Transnational Organized Crime, which Venezuela has also ratified, stipulates that “freezing” or “seizure” shall mean temporarily prohibiting the transfer, conversion, disposition or movement of property or temporarily assuming custody or control of property on the basis of an order issued by a court or other competent authority.
77 - وفضلاً عن هذا، عندما يدافع المرء عن مبدأ ويمارسه، فإنه بحاجة، من حيث الأمانة الفكرية، إلى أن يراعي الحد الأدنى من المعايير المتعلقة باحترام حقوق الإنسان.	Furthermore, when one defended a principle and the exercise thereof, as a matter of intellectual honesty one needed to observe a minimum level of standards concerning respect for human rights.
وأشادت في الختام بالدعم الذي تقدمه اليونيسيف إلى حكومتها لتنفيذ سياساتها الخاصة برعاية الطفل وطالبت اليونيسيف والحكومات الأفريقية بالتعاون بشكل أوثق لضمان سلام وازدهار أطفال أفريقيا.	In conclusion, she commended the support provided by UNICEF to her Government to implement its child-welfare policies and called on the Fund and African Governments to cooperate more closely to ensure peace and prosperity for the children of Africa.
بناء على أمر من حكومتي وإلحاقا برسالتكم إلى رئيس مجلس الأمن المؤرخة 16 شباط/فبراير 2006 ورسالتي المؤرخة 28 آذار/مارس 2006، أتشرف بأن أحيل إليكم طيه، نص رسالة موجهة إليكم من وزير خارجية الجمهورية التونسية، عبد الوهاب عبد الله، يطلعكم فيها، بصفة خاصة، على القرار الذي اتخذه رئيس الجمهورية التونسية، زين العابدين بن علي، والذي بموجبه يأمر بأن تعاد إلى الكويت الممتلكات الكويتية التي تم التعرف عليها في الطائرات العراقية المرابطة في تونس وذلك من أجل التسوية النهائية للمسألة المتعلقة بهذه الممتلكات بالتعاون مع منظمة الأمم المتحدة (انظر المرفق).	On instructions from my Government, and in response to your letter to the President of the Security Council dated 16 February 2006 and my letter dated 28 March 2006, I have the honour to transmit to you, attached, a letter addressed to you by Mr. Abdelwaheb Abdallah, Minister for Foreign Affairs of the Republic of Tunisia, informing you in particular of the decision taken by Mr. Zine el Abidine Ben Ali, President of the Republic of Tunisia, to order the return to Kuwait of Kuwaiti property identified on board the Iraqi aircraft stationed in Tunisia, in view of a final settlement of the related matter with the cooperation of the United Nations (see annex).
27- وقرر الفريق العامل أن يركّز على تلك الصكوك الدولية ذات الطبيعة الأقل عمومية والأكثر تحديدا بالنسبة لمصادر القدرة النووية.	The Working Group decided to focus on those international instruments of a less general nature and more specific to nuclear power sources.
ونعتقد أن هناك حاجة إلى معالجة هذه التطورات بطريقة شاملة وبشكل مكثف، وذلك للارتقاء بالاستجابة للأزمة.	We believe that there is a need to address those developments in a holistic manner and significantly to scale up the response to the crisis.
كما أطلقوا الرصاص على الفلسطينيين العرب الذين يحملون الجنسية الإسرائيلية فقتلوا 13 إنسانا فلسطينيا.	Israel\'s military Chief of Staff, Mr. Shaul Mofaz, had declared many months before that the second half of the year would see very bloody events in which the Israeli army would employ heavy weapons — including tanks and helicopter gunships — to prevent Palestinians from protesting events on their own territory.
وقدمت بعض البلدان والمنظمات الدولية اقتراحات جديدة لتعزيز نظم عدم الانتشار المتعددة الأطراف، خصوصا نظام عدم الانتشار النووي.	Some countries and international organizations have come up with new proposals to strengthen multilateral non-proliferation regimes, particularly the nuclear non-proliferation regime.
وأبديت بعض الهواجس بشأن بطء خطى ما أُحرز من تقدم في المسائل ذات الاهتمام بالنسبة للبلدان النامية.	Some concerns were expressed regarding slow progress on issues on concern to developing countries.
(ج) قدم السيد كمال حسين المقرر الخاص المعني بحالة حقوق الإنسان في أفغانستان تقريره (E/CN.4/2003/39).	(c) The Special Rapporteur on the situation of human rights in Afghanistan, Mr. Kamal Hossain, introduced his report (E/CN.4/2003/39).
ولاحظت معظم الدول الأطراف الحاجة إلى المساعدة والتنسيق كمسألة تحظى بالأولوية لكي يتسنى الالتزام بالمواعيد النهائية المقررة بمقتضى أحكام المادة 5 من الاتفاقية.	The need for assistance and coordination was noted by most States Parties as a priority in order to meet deadlines according to Article 5 of the Convention.
ومع ذلك فإن الصيغة النهائية للقانون الجنائي المعتمد، الذي أصدره الرئيس في 22 نيسان/أبريل، لا تزال تجرّم المثلية الجنسية مما يمثل مخالفة لالتزامات بوروندي في إطار العهد الدولي الخاص بالحقوق المدنية والسياسية.	However, the final version of the adopted penal code, promulgated by the President on 22 April, maintained the criminalization of homosexuality in contravention of Burundi\'s obligations under the International Covenant on Civil and Political Rights.
(ب) إنشاء صندوق دائر للطوارئ لتمويل أنشطة المنظمات الإقليمية في مجال صون السلم والأمن؛	(b) An emergency revolving fund to finance regional organizations\' activities in maintaining peace and security;
الخبراء - المادة 27	Experts—Article 27
وبالاتفاق مع رئيس الجمهورية والقوى السياسية المختلفة، سأقوم لدى عودتي إلى أبيدجان بمبادرات لمعالجة هذه المسألة لكي يكتمل تشكيل الحكومة.	By agreement with the President of the Republic and various political forces, I will, upon my return to Abidjan, undertake initiatives to address this issue so that the Government can be complete.
17 - ويهيب القرار أيضا بجميع الدول التقيد التام بجميع الالتزامات التي أخذتها على عاتقها فيما يتعلق بنـزع السلاح النووي وعدم انتشار الأسلحة النووية وعدم التصرف على أي نحو يمكن أن يخل بأي من هاتين القضيتين أو يفضي إلى سباق جديد للتسلح النووي.	The resolution also calls upon all States to comply fully with all commitments made regarding nuclear disarmament and nuclear non-proliferation and not to act in any way that may compromise that objective or that may lead to a new nuclear arms race.
وأكدت، أقرت دائرة الاستئناف التابعة للمحكمة الجنائية الدولية ليوغوسلافيا السابقة، في 4 أيلول/سبتمبر 2006، إحالة قضية سافو تودوفيتش إلى محكمة البوسنة والهرسك.	Finally, on 4 September 2006, the ICTY Appeals Chamber confirmed the referral of Savo Todović to the Court of Bosnia and Herzegovina.
كما اتصل الفريق بعدد من الأشخاص المحوريين الذين كانت أسماؤهم موضع اهتمام وجدل طيلة الأشهر الأخيرة فيما يتصل بالأزمة التي شهدتها المنطقة دون الإقليمية (المرفق الثاني).	The Panel also contacted a number of key individuals whose names have been a subject of interest and controversy in recent months in connection with the crisis in the subregion (annex 2).
سابعا، نعتقد أن سجل الأسلحة التقليدية، والذي يحتفل بمرور عشر سنوات على إنشائـه هذا العام، ثبــت أنـه عنصر هام في تعزيز الشفافية في مجال الأسلحة.	Seventh, we believe that the Register of Conventional Arms, which celebrates its tenth anniversary this year, has proved to be an important element in the promotion of transparency in armaments, and we call for continued efforts to make it universal.
وفي هذا الصدد، تشدد اليابان على أهمية تطبيق مبادئ عدم الرجوع، وإمكانية التحقق، والشفافية في العمل الرامي إلى التخلص من الأسلحة النووية.	In that regard, Japan emphasizes the importance of applying the principles of irreversibility, verifiability and transparency in the process of working towards the elimination of nuclear weapons.
وقد ترك الرائد تارا القوات المسلحة في 4 أيار/مايو.	Major Tara had deserted F-FDTL on 4 May.
وتدرك اللجنة أهمية تقديم خدمات في مجال البروتوكول في كيغالي.	The Committee recognizes the importance of providing protocol services in Kigali.
5227 50 07 Fax 5277 46 60 Mail: bernardo.sepulveda@ica.com.mx	5227 50 07 Fax 5277 46 60 Mail: bernardo.sepulveda@ica.com.mx
إن قضية خطيرة كتلك لا تتطلب فرض الرقابة على الدول بتأسيس آلية لمراقبة التنفيذ الأمين للقرار 1325 (2000) ولما يرتبط به من خطط على النحو المقترح من الأمين العام، وإنما تتطلب تكاتف الجهود الدولية لتعزيز قدرة الدول على التنفيذ، ولتوفير الموارد المالية والخبرة الفنية اللازمة لها لتمكينها من إحراز التقدم المنشود.	The serious issue before us does not need scrutiny by Member States through the establishment of a monitoring mechanism to guarantee full implementation of resolution 1325 (2000) and the Action Plan, as suggested by the Secretary-General. Rather, what it needs is a collective international effort to strengthen the capacity of States to help with implementation and to provide the financial resources and technical expertise needed to make progress possible.
وبالاشتراك مع إدارة الشؤون الاقتصادية والاجتماعية، أعدت الإدارة خريطة بيانية توضح التقدم المحرز في تنفيذ الأهداف مصنفا حسب المنطقة، باستعمال الألوان التقليدية لإشارات المرور.	In partnership with the Department of Economic and Social Affairs, it had created a chart showing the progress made in implementing the Goals by region, using the colours of the traffic light.
وإن غامبيا مجتمع زراعي بصفة أساسية، ويشكل عمل المرأة أساس اقتصادها الزراعي.	The Gambia was essentially an agrarian society, and women\'s labour was the basis of its agricultural economy; efforts were being made to raise their work from the level of purely subsistence farming to more commercial production.
5- التجارة، والبيئة والتنمية	Trade, environment and development
نيجيريا	Nigeria
(بآلاف دولارات الولايات المتحدة)	In accordance with article VII of the Financial Regulations, we have also issued a long-form report on our audit of the financial statements on the United Nations peacekeeping operations.
وفيما يتعلق بالإشراف، ستعتمد أيضاً اللجنة التنفيذية في اجتماعها السنوي المكونات الأربعة جميعها للميزانية الموحدة الجديدة.	In terms of oversight, the Executive Committee will approve all four components of the new Unified Budget at its annual meeting.
3- تهيب بالدول الأعضاء أن تعزّز إرادتها السياسية في تنفيذ سياسات عامة واستراتيجيات بشأن الوقاية من تعاطي المخدرات، وأن تواصل تنفيذ برامجها المعنية بخفض الطلب على المخدرات، مع الاهتمام بالتدخّل وإعادة التأهيل والادماج الاجتماعي في وقت مبكّر، بما في ذلك توفير الخدمات اللازمة لمنع انتقال عدوى فيروس نقص المناعة البشرية/الأيدز وسائر الأمراض المتصلة بتعاطي المخدرات، بقصد تحقيق خفض كبير يمكن قياسه في هذا الصدد؛	Calls upon Member States to strengthen their political will in the implementation of drug abuse prevention policies and strategies and to continue their drug demand reduction programmes, paying attention to early intervention, rehabilitation and social reintegration, including services to prevent the transmission of HIV/AIDS and other diseases associated with drug abuse, with a view to achieving a significant and measurable reduction;
ويدرب برنامج تنمية قدرات إدارة الأعمال لدى المرأة في جمهورية تنزانيا المتحدة النساء في مجال تكنولوجيات تجهيز المنتجات الغذائية المحلية والنظافة ومراقبة الجودة وإدارة الأعمال. وقد خلق هذا البرنامج قرابة 350 وظيفة دائمة.	The WED programme in the United Republic of Tanzania trains women in the areas of processing technologies for local food products, hygiene and quality control and business management and has created nearly 350 permanent jobs.
ووفد بلادي إذ يرحب ببعض التحسن الذي حدث في مجال تدفق المساعدات الإنمائية الرسمية إلى أقل البلدان نموا وطرح المبادرات الرامية إلى تعزيز وصول أقل البلدان نموا إلى الأسواق العالمية، فإنه يرى، في ذات الوقت، أن بوادر ذلك التحسن ستبقى محدودة في ظل استمرارية ضآلة نصيب تلك البلدان في التجارة العالمية وضعف تدفقات الاستثمار الأجنبي المباشر والإفراط في الاعتماد على السلع الأساسية.	While my delegation welcomes the partial improvement in the flow of official development assistance (ODA) to the LDCs and initiatives to enhance access for the LDCs to the global markets, it believes that this improvement will remain limited in view of the continued small share of these countries in world trade, the weak flow of foreign direct investment and excessive reliance on basic commodities.
جيم - فيينا	C. Vienna
وفي أواخر كانون الثاني/يناير، التقي في فايز أباد مع الأستاذ برهان الدين رباني، رئيس دولة أفغانستان الإسلامية، ومع القائد أحمد شاه مسعود، وكذا مع وزير الخارجية بالنيابة، عبد الله، في نيويورك يوم 7 شباط/فبراير.	In late January, he met in Faizabad with Professor Burhanuddin Rabbani, President of the Islamic State of Afghanistan, and with Commander Ahmad Shah Massoud, as well as with Acting Foreign Minister Abdullah in New York on 7 February.
`3\' يستعاض في الهدف 1 عن الإنجازات المتوقعــــــة (أ) و (ب) و (ج) بما يلي:	(iii) Replace in objective 1 expected accomplishments (a), (b) and (c) with:
ثالثاً- قضايا مشتركة بين الفئات 28 9	C. Claims preparation costs 33-34 9
ويكون لبعض هذه الجرائم ظروف مشدِّدة في حالات كون الضحايا من الأطفال والمراهقين من الجنسين.	Some of these offences are considered as aggravated where the victims are children or adolescents.
وهذه المساعدة لا تزال بالغة الإلحاحية، بصفة خاصة، فعمليات النهب والتخريب الضخمة التي أعقبت الانقلاب، لم تؤد إلى مجرد الإطاحة بالهياكل الأساسية وموارد الدولة (المباني العامة والمكاتب وأجهزة الحواسيب والسجلات والملفات والمركبات) فحسب، بل أنها قد قضت أيضا على ما تبقى من نسيج اقتصادي وصناعي بالبلد.	The need for assistance has become all the more pressing because the large-scale looting and vandalism in the wake of the coup d\'état not only wiped out the State infrastructure and facilities (public buildings, offices, information systems, archives, records, vehicles) but also snuffed out the remaining economic and industrial activity of the country.
وإن للأمم المتحدة دوراً هاماً تؤديه، وينبغي لها أن تعتمد رداً أكثر تنسيقاً.	The United Nations had an important role to play, and should adopt a more coordinated response.
وتشير التقديرات إلى أن ما يصل إلى 5 في المائة من جميع وظائف قطاع الخدمات (حوالي 12 مليون وظيفة) في البلدان المصنعة يمكن أن ينقل إلى البلدان النامية بهذه الطريقة.	It was estimated that up to 5 per cent of all service sector jobs (about 12 million jobs) in industrialized countries could be relocated to developing countries in that way.
جيم - مشاركة المرأة في بعثات حفظ السلام	C. Participation of women in peacekeeping missions
ويتم نحو نصف عدد الزيارات إلى الصفحات المنشورة بالإنكليزية، والربع إلى الصفحات المنشورة بالإسبانية والفرنسية، والربع المتبقي إلى الصفحات المنشورة بالروسية والصينية والعربية.	About half of the traffic is directed to pages in English, one quarter to pages in French and Spanish, and the remaining quarter to pages in Arabic, Chinese and Russian.
• تغيرات متصلة بالإدارة: مدخلات ونواتج إضافية	• Management: Additional outputs and inputs
19 - طرائق التعاون() - هناك خيارات عدة أمام المكاتب القطرية لليونيسيف ومكاتبها الإقليمية ومقرها للتعاون مع منظمات المجتمع المدني، وهذه الطرائق، فضلاً عن شروط المشاركة، يرد بيانها مفصلاً في مذكرةٍ توجيهيةٍ داخلية().	Modalities of cooperation. UNICEF country offices, regional offices and headquarters have several options for cooperating with CSOs. These modalities, as well as the conditions for engagement, are described in detail in an internal guidance note.
رابعا - البيانات المالية	Financial statements
‏81‏ -‏‏ وتقدم المدرسة أيضا شهادة في ”ثقافة السلام“ لطلاب الدراسات العليا، ودورات دراسية بشأن ‏‏”ثقافة السلام وإدارة النزاعات“ و ”التثقيف في مجال السلام“ للطلاب الجامعيين، وتتعاون مع ‏برامج الماجستير في مؤسسات تعليمية أخرى. ‏	The Escola also offers a certificate in “Culture of Peace” for postgraduate students, classes on “Culture of peace and conflict management” and “Peace education” for undergraduate students, and collaborates with master\'s programmes in other educational institutions.
7 - إن لجنة السكان والتنمية هي من كبار الجهات صاحبة المصلحة والمستخدمة الفنية للإحصاءات الديمغرافية والاجتماعية الوطنية التي تُجمع وتُنشر تحت رعاية اللجنة الإحصائية، مع إيلاء اهتمام خاص للإحصاءات المشتقة من التعدادات الوطنية للسكان والمساكن واستقصاءات الأسر المعيشية المتخللة لعمليات التعداد ونظم الإحصاءات الحيوية.	The Commission on Population Development is a major stakeholder and technical user of the national demographic and social statistics compiled and disseminated under the auspices of the Statistical Commission, with special attention to statistics derived from national population and housing censuses, inter-censal household surveys and vital statistics systems.
(أ) تمشيا مع الملاحظة 2 (د) \'4`، حُوِّل مبلغ 798 615 32 دولارا من صندوق البرامج التكميلية إلى صندوق البرامج السنوية.	(a) In line with note 2 (d) (iv), an amount of $32,615,798 was transferred from the Supplementary Programme Fund to the Annual Programme Fund.
5 - ألا تكون هناك ضرورة عسكرية تبرر تدمير الممتلكات أو الاستيلاء عليها.	The destruction or seizure was not justified by military necessity.
ورحب بعض الوفود بالتركيز على معالجة التعقيدات التي تنتج عن الإجهاض غير المأمون.	Some delegations welcomed the emphasis on addressing the complications of unsafe abortion.
1 - عملية نظام غالاكسي	Galaxy process
الميزانية البرنامجية لفترة السنتين 2008-2009	Programme budget for the biennium 2008-2009
إن تفعيل الأهداف الإنمائية للألفية المحددة الأجل في سياق أطر التخطيط الوطني يستوجب إعداد استراتيجيات طموحة وشاملة بالقدر الكافي لمعالجة جميع المتطلبات والمجالات، تدعمها استراتيجيةٍ تمويليةٍ راسخة وأطر قوية للاقتصاد الكلي، ومستندة إلى استراتيجية تنفيذ تتضمن إجراءات كفيلة بإزالة العوائق المتعلقة بالقدرات.	To get these time-bound MDG targets operational within national planning frameworks involves formulation of strategies that are sufficiently ambitious, comprehensive enough to address all requirements and areas, grounded on robust financing strategy and macroeconomic frameworks and anchored on an implementation strategy that incorporates measures addressing capacity constraints.
وفي إطار وضع حافظةٍ للأولوية الاستراتيجية للتكيف، يتولى مرفق البيئة العالمية دعم الأقاليم والقطاعات والمناطق الجغرافية والنظم الإيكولوجية والمجتمعات المحلية المعرضة بشكلٍ خاص للتأثر().	In developing an SPA portfolio, the GEF is supporting particularly vulnerable regions, sectors, geographic areas, ecosystems and communities.
(أ) تعزيز قدرة الأمم المتحدة وفعاليتها وكفاءتها وتحسين الاتساق والتنسيق فيما بين السياسات والإجراءات التي تتخذها الأمم المتحدة والسياسات والإجراءات التي تتخذها المؤسسات المالية الدولية والمنظمات الإقليمية المعنية؛	(a) Strengthen the capacity, effectiveness and efficiency of the United Nations; enhance the coherence and coordination of policies and actions between the United Nations, international financial institutions and relevant regional organizations;
تقارير المجالس التنفيذية لبرنامج الأمم المتحدة الإنمائي/صندوق الأمم المتحدة للسكان، ومنظمة الأمم المتحدة للطفولة، وبرنامج الأغذية العالمي	Reports of the Executive Boards of the United Nations Development Programme/ United Nations Population Fund, the United Nations Children\'s Fund and the World Food Programme
لقد قطعنا التزامات في مونتيري لعام 2006.	We undertook commitments at Monterrey for 2006.
8- لقد قال المستشار الاتحادي جرهارد شرودر، في بيانه المتعلق بالسياسة العامة الذي ألقاه في البرلمان الألماني في 10 تشرين الثاني/نوفمبر 1998، ما يلي:	In his policy statement in the German Parliament on 10 November 1998 Federal Chancellor Gerhard Schröder said the following:
وتمت مداهمة منازل الأشخاص الذين تم إلقاء القبض عليهم وصودرت العديد من ممتلكاتهم الشخصية ولا سيما الكتب والمفكرات واسطوانات الحاسوب والملفات.	The homes of the persons arrested were raided and many of their personal possessions, in particular books, notebooks, diskettes and files, were confiscated.
وسيدرج رد رومانيا في تقرير النتائج الذي سيعتمده مجلس حقوق الإنسان في دورته الثامنة.	The response of Romania will be included in the outcome report to be adopted by the Human Rights Council at its eighth session.
وشغل منصب قائم بالأعمال في البعثة الدائمة لجمهورية إيران الإسلامية لدى الأمم المتحدة في جنيف في الفترة 1988-1990، وعمل أيضا مستشارا لوزير الخارجية فيما بين عامي 1992 و 1996.	He served as chargé d\'affaires at the Permanent Mission of the Islamic Republic of Iran to the United Nations Office at Geneva from 1988 to 1990 and served as adviser to the Foreign Minister between 1992 and 1996.
73- ونود ملاحظة أنه على الرغم مما قدمته السيدة أوفومي من ادعاءات عن وجود تمييز منهجي ومؤسسي داخل أجهزة إقامة العدل وفي مجالات التعليم والتوظيف والإسكان والصحة والمساعدة الاجتماعية، فلا توجد لدينا أية معلومات دقيقة يمكن أن تؤيد مختلف أقوال السيد أوفومي وزوجته بشأن وجود معاملة تمييزية في هذه المجالات أو في إطار برنامج المساعدة الاجتماعية.	We wish to note that despite Dr. and Mrs. Ofume\'s allegations respecting systematic and institutional discrimination in the justice system, education, employment, housing, health care and social assistance, we have no specific information which supports Dr. and Mrs. Ofume\'s specific allegations with respect to differential treatment in these areas or through the social assistance programme.
مذكرة من الأمانة	Note by the Secretariat
"(ﻫ) يحيط علما بالتوقيع على اتفاق بشأن خطة سداد، ويشجع ليتوانيا على سداد أقساطها بانتظام وفقا للشروط الواردة فيه. "	“(e) Takes note of the signature of a payment plan agreement and encourages Lithuania to pay regularly its instalments in line with the conditions therein.”
3- يرجى وصف الآلية الدستورية التي تجيز إعلان حالة الطوارئ.	Please describe the constitutional mechanism by which a state of emergency can be declared.
وسيجري التأكيد مجدداً على هذه الالتزامات في الاجتماع العادي السابع لمنتدى الشراكة الأفريقية، الذي سيعقد في أواخر تشرين الأول/أكتوبر 2006 في موسكو.	Those commitments will be reconfirmed at the regular seventh meeting of the African Partnership Forum late in October 2006 in Moscow.
وتدخل في سياق علوم الفضاء القريب من الأرض فيزياء الشمس وكذلك مجالات مثل الغلاف الجوي المغنطيسي والأيوني والمتعادل للأرض، في حين أن معظم الدراسات الخاصة بتصميم السواتل الصغرية وتصميم منافث الصواريخ باستخدام المواد الحرارية والمركبة تجري في مجال مواد التصميم والهيكلة.	Within the context of near ground space sciences fall the physics of the Sun as well as regions such as the magnetosphere, ionosphere and neutral atmosphere, whereas designing microsatellites and designing rocket nozzles using ceramic and composite materials are mostly studied in the field of design-structure-material. Furthermore, in order to train and raise managers in the field of aviation and space, an Aerospace Master of Business Administration programme has been organized.
"(ب) الإحاطة علماً بمشاريع المقررات التي أحالتها اللجنة الفرعية فيما يتعلق بالأنشطة التي سبق التصريح بها حتى يتسنى مواصلتها وفقاً لمقرر المجلس 1/102؛	“(b) To take note of the draft decisions transmitted by the Sub-Commission pertaining to previously authorized activities, with a view to allowing their continuation in accordance with Council decision 1/102;
43 - تؤيد الجزائر تأييدا تاما الأهداف والإجراءات المنصوص عليها في قرار الجمعية العامة 54/59 المعنون “تعزيز الأمن والتعاون في منطقة البحر الأبيض المتوسط”، الذي اعتمدته الجمعية في 1 كانون الأول/ديسمبر 1999.	The Russian Federation considers that the need to reduce tension and improve the situation in the Mediterranean, which remains one of the most unstable and explosive regions in the world, is one of the most urgent tasks facing the international community. It shares the view that the risks and challenges of the Mediterranean may become one of the fundamental concerns of the international community in the twenty-first century.
Theory and practice of delegation to non-majoritarian institutions.	Theory and practice of delegation to non-majoritarian institutions.
وتشير اللجنة الاستشارية إلى أن ميزانية التدريب للفترة 2005-2006 كانت تتعلق بفترة 12 شهرا بأكملها، ابتداء من 1 تموز/يوليه 2005 إلى 30 حزيران/ يونيه 2006.	The Advisory Committee points out that the training budget for 2005/06 was for a full 12-month period, from 1 July 2005 to 30 June 2006.
أدلى فخامة السيد إدواردو رودريغيس فيلتزي، رئيس جمهورية بوليفيا بكلمة أمام الجمعية العامة.	H.E. Mr. Eduardo Rodríguez Veltzé, President of the Republic of Bolivia, addressed the General Assembly.
`2\' رسالة نائب المدعي العام للشؤون الخاصة، نيابة عن المدعي العام في رسالته رقم B278/D.2/6/69 المؤرخة 26 حزيران/يونيه 1969 بشأن مصادرة الحسابات المصرفية؛	Letter of the Deputy Attorney General for Special Affairs, on behalf of the Attorney General No. B278/D.2/6/69 dated 26 June 1969 on the confiscation of bank accounts
6 - تطلب إلى الأمين العام أن يقدم إلى الجمعية العامة في دورتها السابعة والخمسين تقريرا عن هذه المسألة في إطار البند المعنون “حق الشعوب في تقرير المصير”.	Requests the Secretary-General to report on this question to the General Assembly at its fifty-seventh session under the item entitled “Right of peoples to self-determination”.
00/10-00/13 جلسة مغلقة غرفة الاجتماعات 7	10 a.m.-1 p.m. Closed meeting Conference Room 7
152 - وثمة حاجة لاثني عشر ممرضا (من فئة الخدمات العامة الوطنية)، بواقع ممرضين لكل موقع (ممرض وممرضة)، لدعم الأطباء في فحص المقاتلين السابقين.	Twelve Nurses (national General Service) would be required, two per site (one male and one female), to support the medical doctor in screening ex-combatants.
وسواء أكان الدافع لارتكاب الأعمال الإرهابية سياسيا أو إيديولوجيا أو فلسفيا أو عرقيا أو إثنيا أو دينيا أو غيره فإنه لا يمكن تبريره.	Whatever the motives for their perpetration — political, ideological, philosophical, racial, ethnic, religious or any other — terrorist acts are unjustifiable.
كانت الصيغة الموصى بها (بوصفها المادة 30 مكررا في المرجع نفسه، الفقرة 356) مستندة إلى فتــوى المحكمة الدائمــة في Factory at Chorzów (Jurisdiction) P.C.I.J., Series A., No.9 (1927) p.31، التي وفقا لها “لا يمكن لطرف واحد أن ينتهز كون الطرف الآخر لم يف بالتزام ما … إذا كان الطرف الأول قد حال، بفعل غير قانوني، دون قيام الطرف الثاني بالوفاء بالالتزام المعني”.	356) was based on the dictum of the Permanent Court in Factory at Chorzów (Jurisdiction), P.C.I.J., Series A., No. 9 (1927) p. 31, according to which “one Party cannot avail himself of the fact that the other has not fulfilled some obligation … if the former Party has, by some illegal act, prevented the latter from fulfilling the obligation in question”.
إصلاح القانون	Reform of the law
92- الحالة في غينيا في أعقاب الهجمات الأخيرة التي تعرضت لها على طول حدودها مع ليبريا وسيراليون؛	The situation in Guinea following recent attacks along its borders with Liberia and Sierra Leone;
السيد مكني (كندا) (تكلم بالانكليزية): يشرفني أن أتكلم باسم هولندا وكندا الرئيسين المشاركين لمجموعة أصدقاء منطقة البحيرات الكبرى.	Mr. McNee (Canada): I am honoured to speak on behalf of the Netherlands and Canada, co-Chairs of the Group of Friends of the Great Lakes Region.
كما يتم تشجيع الشراكة بين الجهات المعنية كطريقة لتنفيذ مثل هذه الخطط.	Partnerships among stakeholders are encouraged as a way to implement such plans.
216- وستطبق أحكام تشريعية مقابلة في أيرلندا الشمالية.	They are entitled to a total 13 weeks unpaid leave, to be taken up to 31 March 2005 (or in the case of adoption, the child\'s 18th birthday if that is sooner).
وأنشئت مؤسسة Argentina con ACNUR رسميا في كانون الأول/ديسمبر 1999 لتكوين دوائر من المؤيدين وتأييد أنشطة المفوضية في العالم أجمع.	The Foundation Argentina con ACNUR was formally established in December 1999, aimed at building constituencies and to raise support for UNHCR activities worldwide.
NZHRC New Zealand Human Rights Commission,** New Zealand	NZHRC New Zealand Human Rights Commission,** New Zealand
التعليق 201	Commentary 200
وأياً كانت المقاييس المستخدمة، سواء أكانت عدد أجهزة الهاتف أو عدد مستخدمي شبكة الإنترنت أو موردي الحاسوب، فإن البلدان النامية هي في آخر الركب.	By any measure — whether number of telephones, of Internet users and providers or of computers — developing countries lag.
147 - يرد فيما يلي وصف الاحتياجات المتعلقة بالسفر الرسمي:	The official travel requirements are described below.
كانت إحدى نتائج هذه الاستعراضات هي دمج العنصرين في عنصر واحد، الأمر الذي استرشدت به الجمعية العامة في منح إعانات البحوث للمقررين الخاصين والبدلات الخاصة لأعضاء اللجنة().	One effect of such reviews was to combine into one the two elements, which informed the General Assembly to accord research grants to special rapporteurs and special allowances to members of the Commission.
147- منافذ البيع: تملك براءة هذه التكنولوجيا مجموعة التفكيك القاعدي الوسيطي المساهمة في مدينة سينسيناتي بولاية أوهايو بالولايات المتحدة (www.bcdinternational.com ) .	Vendors: The patent for this technology is held by BCD Group, Inc., Cincinnati, OH 45208, USA (www.bcdinternational.com).
الدول التي لم تُصَدِّق على الاتفاقية أو لم تنضم إليها	Viet Nam
42 - غير أن الدراسات تنقض هذه التصورات وتبين بوضوح أن للحماية الاجتماعية نتائج إيجابية عديدة.	Studies contradict these perceptions and clearly demonstrate that the provision of social protection has many positive outcomes.
(ج) يتضمن المجموع وظيفتين جديدتين و 7 وظائف (3 وظائف دولية من الفئة الفنية و 4 وظائف من فئة الخدمات العامة) نقلت من شعبة القطاع الخاص.	Figure G Expenditures by category, 2002-2003
كما لم تفرض أي تقييدات على قدرة الاتحادات أن تنشئ منظمات وطنية، أو تنضم إلى منظمات دولية.	No restrictions were placed on the ability of unions to establish national organizations or to join international organizations.
وقدر البنك الدولي الخسائر بمبلغ 83 مليون دولار.	Losses were estimated by the World Bank at $83 million.
186- وأنشأت حكومة نيبال اللجنة الوطنية لشؤون المرأة في عام 2002 لتسدي لها المشورة فيما يتعلق بالتنفيذ الفعال للصكوك الدولية لحقوق الإنسان ولترسم سياسات وخططاً تهدف على وجه التحديد إلى النهوض بالمرأة.	GON has established the National Women\'s Commission in 2002 to advise the Government on effective implementation of the international human rights instruments and to develop policies and plans specifically aimed at advancing the case of women.
• الحد من أثر استخدام الطاقة على البيئة.	• Reducing the environmental impact of energy use.
”تقرير الأمين العام عن نشر العملية المختلطة للاتحاد الأفريقي والأمم المتحدة في دارفور (S/2008/304)“.	“Report of the Secretary-General on the deployment of the African Union-United Nations Hybrid Operation in Darfur (S/2008/304)”.
الحقوق المدنية والسياسية، بما في ذلك مسألة حرية التعبير	CIVIL AND POLITICAL RIGHTS, INCLUDING THE QUESTION OF
إيران، باكستان، السنغال، السودان، كوت ديفوار، الهند.	Côte d\'Ivoire, India, Iran (Islamic Republic of), Pakistan, Senegal, Sudan
هكذا ترد إسرائيل بهذه الهجمة الشرسة على حسن النية التي أبدتها القمة العربية من خلال مبادرتها التي تستند في مجملها على الشرعية الدولية، التي عبر عنها مجلس الأمن من خلال قراريه 242 (1967) و 338 (1973).	This is how Israel responds to the good intentions of the Arab Summit. This vicious attack runs counter to international legitimacy — the legitimacy that was asserted by this Council in resolutions 242 (1967) and 338 (1973).
تقرير مجلس مراجعي الحسابات عن أنشطة فرقة العمل المعنية بالمشتريات	Report of the Board of Auditors on the activities of the Procurement Task Force
وكانت خطة الإصلاح والتنمية الفلسطينية محورا للمناقشة التي دارت في حلقة الأمم المتحدة الدراسية المعنية بمساعدة الشعب الفلسطيني، المعقودة في شباط/فبراير 2008 في عمان، التي شجعت الجهات المانحة خلالها على أن تشارك مشاركة نشطة في تنفيذ هذه الخطة.	The Palestinian Reform and Development Plan was at the heart of the debate that took place at the United Nations seminar on assistance to the Palestinian people held in February 2008 at Amman, during which donors were encouraged to become active participants in the implementation of the Plan.
وإذ تؤكد بقوة على أهمية توفير الفرصة أمام جميع أعضاء منظمة التجارة العالمية للمشاركة مشاركة كاملة وفعالة في عملية المفاوضات التجارية متعددة الأطراف وفي الأنشطة الأخرى المضطلع بها في إطار النظام التجاري متعدد الأطراف، بغية تيسير التوصل إلى نتائج متوازنة فيما يتعلق بمصالح جميع الأعضاء،	Strongly emphasizing the importance of providing all members of the World Trade Organization with the opportunity to engage fully and effectively in the process of multilateral trade negotiations and in other activities within the multilateral trading system in order to facilitate the attainment of balanced results with respect to the interests of all members,
فللرابطة بين التنمية والأمن أهمية حيوية في جنوب آسيا.	The link between development and security is thus crucial in South Asia.
السيد فوكس (الولايات المتحدة الأمريكية) (تكلم بالانكليزية): للأسباب التي أبديت لدى نظر اللجنة الثالثة فيما هو الآن مشروع القرار الرابع عن اتفاقية القضاء على جميع أشكال التمييز ضد المرأة، تنأى الولايات المتحدة بنفسها عن توافق الآراء بشـأنـه.	Mr. Fox (United States of America): For the reasons given when the Third Committee considered what is now draft resolution IV on the Convention on the Elimination of All Forms of Discrimination against Women, the United States disassociates itself from the consensus.
وفي ذلك الصدد، قد يرى مجلس الأمن أن نتائج اللجنة مفيدة له كي ينظر فيها بذاته.	In that regard, the Security Council may judge the Commission\'s findings useful to its own consideration.
ينبغي فتح كل حاوية وإجراء فحص مسحي ثم توضع بالقرب من فتحة كل حاوية.	Each container should be opened and a survey probe should then be placed near or at the opening of each container.
وما زال الهدف الرئيسي للإصلاح، المتمثل في جعل المجلس أكثر تمثيلا ومشروعية وكفاءة، بالطبع ينتظر التحقيق.	Of course, the main goal of the reform — to make the Council more representative, more legitimate and more efficient — still remains to be achieved.
1572 (2004) بشأن كوت ديفوار	Security Council Committee established pursuant to resolution 1572 (2004) concerning Côte d\'Ivoire
عقوبة الإعدام والسجن مدى الحياة؛	Capital punishment and life imprisonment;
تقرير اللجنة الثالثة	Report of the Third Committee
التدابير المقترحة لتحسين ربحية الأنشطة التجارية للأمم المتحدة (A/57/398 و A/57/7/Add.1)	Profitability of commercial activities of the United Nations (A/57/398 and A/57/7/Add.1)
وتتطلع حكومة بلادي إلى التعاون الوثيق مع الممثل الخاص الجديد للأمين العام السيد شتاينر، الذي سمعنا توا أنه سيتم تعيينه، في التصدي للتحديات العديدة التي نواجهها في العملية الجارية لتنفيذ قرار مجلس الأمن 1244 (1999).	My Government looks forward to close cooperation with the new Special Representative of the Secretary-General, Mr. Steiner, who we just heard is to be appointed, in addressing many challenges that we are facing in the ongoing process of implementing Security Council resolution 1244 (1999).
٢- يتولى مدني منصب وزير الدفاع.	The Minister of Defence shall be a civilian.
363- وفيما يخص مسألة الشكل النهائي، أبدى بعض الأعضاء تأييدهم لصياغة مجموعة من مشاريع المواد.	chapter x
الجوانب الإيجابية	Positive aspects
23 - وقد تأسس الصندوق الاستئماني للتبرعات لتشجيع التعاون فيما بين بلدان الجنوب في عام 1996 اعترافا بالحاجة إلى تعبئة موارد إضافية لتمويل ذلك التعاون بحيث بدأ تعميم إدراجها على نحو متزايد في الاستراتيجيات الإنمائية العالمية.	The Voluntary Trust Fund for the Promotion of South-South Cooperation was established in 1996 in recognition of the need to mobilize additional resources to fund SSC as they began to be mainstreamed increasingly into global development strategies.
الغذاء (الحق في) (القرار 2002/25) 133	Expiration of office-holders\' terms of appointment under
11 - تحث الدول الأعضاء على أن تُساهم في الجهود التي تبذلها الأمم المتحدة لتستهل القرن الحادي والعشرين في عالم خال من الاستعمار، وتهيب بها أن تواصل تقديم دعمها الكامل للجنة الخاصة فيما تبذله من جهود لبلوغ ذلك الهدف النبيل؛	Urges Member States to contribute to the efforts of the United Nations to usher in the twenty-first century in a world free of colonialism, and calls upon them to continue to give their full support to the Special Committee in its endeavours towards that noble goal;
ويتضمن الفرع الخامس قضايا أخرى ذات صلة بعمل اللجنة.	Other issues of relevance to the Committee\'s work are contained in section V.
يتشرف الأمين العام بأن يحيل إلى الأعضاء في الجمعية العامة التقرير المرحلي الذي قدمه السيد دودو ديين، المقرر الخاص المعني بالأشكال المعاصرة للعنصرية والتمييز العنصري وكراهية الأجانب وما يتصل بذلك من تعصب، وفقاً لقرار الجمعية 60/144.	The Secretary-General has the honour to transmit to members of the General Assembly the interim report submitted by Doudou Diène, Special Rapporteur on contemporary forms of racism, racial discrimination, xenophobia and related intolerance, pursuant to Assembly resolution 60/144.
كما يجري بذل الجهود لإنشاء مكاتب للشرطيات في مراكز الشرطة كيما يلجأ إليها أغلب النساء المعتدى عليهن في تقديم بلاغاتهن الأولى.	Efforts were also under way to establish policewomen desks in stations where most abused women made their initial reports.
اتحاد رابطات النساء المسلمات	Federation of Muslim Women\'s Associations (FOMWAN)
“2 - تقرر أن يشكل العمل التحضيري وتقارير الاجتماع الخاص الرفيع المستوى للمجلس الاقتصادي والاجتماعي مع مؤسسات بريتون وودز ومنظمة التجارة العالمية وكذلك العملية التحضيرية لحوار الجمعية العامة الرفيع المستوى مساهمة في إعداد التقرير الشامل الذي يقدم على أساس سنوي إلى الجمعية العامة تحت البند “متابعة المؤتمر الدولي المعني بتمويل التنمية في جدول الأعمال” وكذلك في الحوار الرفيع المستوى للجمعية العامة الذي يجري كل سنتين؛	“2. Decides that the preparatory work and reports of the special high-level meeting of the Economic and Social Council with the Bretton Woods institutions and the World Trade Organization, as well as the preparatory process of the General Assembly high-level dialogue, would serve as inputs in the preparation of the comprehensive report, which would be presented on an annual basis to the General Assembly, under the agenda item on follow-up to the International Conference on Financing for Development, as well as to the biennial high-level dialogue of the General Assembly;
تبادل المدعي، وهو شركة أمريكية يوجد مقر عملها في الولايات المتحدة، رسائل مع المدعى عليه، وهو شركة فنلندية يوجد مقر عملها في فنلندا، لاشتراء نظام لصنع الزجاج.	The plaintiff, a U.S. corporation with its place of business in the United States, exchanged communications with the defendant, a Finnish company with its place of business in Finland, for the purchase of a glass fabricating system.
وقد نظـرت أيضا في تقرير مجلس مراجعي الحسابات والتوصيات الواردة فيه()،	Having also considered the report of the Board of Auditors and the recommendations contained therein,
ونحن نؤمن بقوة بأن إصلاح القطاع القضائي عنصر هام في إعادة البناء بعد الصراع.	We strongly believe that justice sector reform is a critical element of post conflict reconstruction.
وفضلا عن ذلك، حدد موعد للشروع في محاكمتين في 3 تشرين الثاني/نوفمبر 2003، وتتعلق كل منهما بأربعة متهمين (وهما القضيتان اللتان أطلقا عليها “قضيتا الحكومة”).	Moreover, two trials each involving four accused (the two so-called “Government Cases”) are scheduled to start on 3 November 2003.
ويمكنكم أيضا الحصول على معلومات بشأن الخدمات المقدمة للزوار والجولات رفقة مرشد في المقر.	Those interested in obtaining UN publications can do so by consulting the online catalogue and order information.
60 - لا تزال آثار الحرب والفقر والتمييز والعنف الجنساني والجنسي مجتمعة تلحق أضراراً جسيمة بالمرأة الأفريقية.	The combined effects of war, poverty, discrimination and gender-based and sexual violence are taking a terrible toll on African women.
ألف - خدمات دعم العمليات	Operation Support Services (OSS)
Arabic	English
59 - في أيلول/سبتمبر 2005 أنشأت حكومة كندا فريق خبراء من ثلاثة أعضاء معني بآليات المساءلة لتحقيق المساواة بين الجنسين، وذلك لدراسة المساءلة وإسداء المشورة بشأن تعزيز المساواة بين الجنسين في كندا.	In September 2005, the Government of Canada established a three-member Expert Panel on Accountability Mechanisms for Gender Equality, to study accountability and provide advice on strengthening gender equality in Canada.
إعلان التشريعات واللوائح والتدابير الأخرى	(c) Imports of micro-organisms∗ Yes/No Yes/No Yes/No Yes/No
5- يحثّ البلدان النامية الأطراف المتأثرة، وأي بلد طرف آخر متأثر في إطار مرفق التنفيذ الإقليمي الخاص به، على مواءمة برامج عملها وأنشطتها التنفيذية الأخرى ذات الصلة بالاتفاقية مع الاستراتيجية، بأساليب تشمل تناول النتائج في إطار الأهداف التنفيذية الخمسة؛	Urges affected developing country Parties, and any other affected country Party in the framework of its Regional Implementation Annex, to align their action programmes and other relevant implementation activities related to the Convention with The Strategy, inter alia, by addressing the outcomes under the five operational objectives;
70- واتفق الفريق العامل على أن تُدرج في مشروع الدليل توصيات تتناول حقوق المدين في الطعن.	The Working Group agreed that the draft guide should include recommendations to address the rights of appeal of the debtor.
المعارضون: القاضي بارا - أرانغورين``.	Against: Judge Parra-Aranguren.
واختتم حديثه قائلا إن أذربيجان، التي تقع في مفترق طرق تؤدي إلى مناطق معرَّضة لنشوب اضطرابات، قد اتخذت جميع الاحتياطات اللازمة،بما في ذلك اتخاذ تدابير تشريعية، لمنع تحويل أية مكوِّنات ومواد وتكنولوجيا لها صلة بأسلحة الدمار الشامل ووسائل إيصالها عبر أراضيها.	Situated as it was at the crossroads of potentially turbulent regions, Azerbaijan took all necessary precautions, including legislative measures, to prevent the transfer through its territory of any components, materials and technology related to weapons of mass destruction and their means of delivery.
تعهدت الحكومة، في بيانها بشأن السياسة العامة الصادر في كانون الثاني/يناير 2007، بإنشاء وكالة توفر خدمات شاملة ترمي إلى منع حدوث استبعاد اجتماعي، وتضع حداً للاستبعاد الاجتماعي الذي تعاني منه مجتمعات الروما.	In its Policy Statement of January 2007, the Government pledged to establish an agency to provide comprehensive services designed to prevent the emergence of social exclusion and end the social exclusion of Roma communities.
لم يعد باستطاعتنا تحمل عاقبة معاملة حكم القانون بوصفه نشاطا جانبيا ننخرط فيه على هامش الأهداف السياسية.	We can no longer afford to treat the rule of law as a side activity in which we engage alongside political objectives.
عرض مشروع القرار A/C.3/55/L.60	Introduction of draft resolution A/C.3/55/L.60
وقال السيد فابري إنه من الأهمية بمكان تطوير نظم أمن محلية تمكن السكان من الاستفادة من حقهم في التمتع بالأبعاد الإيجابية للسكن في المدينة.	Mr. Fabbri said that it was important to develop local security systems that enabled citizens to benefit from their right to enjoy the positive dimensions of city dwelling.
(33) انظر: <http://www.cceweb.com/dmsystem.asp>.	See <http://www.cceweb.com/dmsystem.asp>
وناشدت كندا جميع دول المنطقة زيادة الإسهام في تحقيق الاستقرار والأمن الإقليميين بإبرام بروتوكولات إضافية لاتفاقاتها المتعلقة بالضمانات، لتبدي بذلك مزيداًً من الانفتاح والشفافية.	Canada has appealed to all States in the region to contribute further to regional stability and security by concluding Additional Protocols to their respective safeguards agreements, thereby demonstrating greater openness and transparency.
التذييل ألف (تابع)	Appendix A (continued)
وفي هذا الصدد، تؤكد حكومة بلدي التزامها بدعم قرارات المنظمة ذات الصلة، تعبيرا عن احترامها لمبادئ القانون الدولي.	In that connection, my Government reaffirms its commitment to supporting the relevant resolutions of the Organization as an expression of its respect for the precepts of international law.
المحتويات	Contents
فجهود البلدان النامية والدعم القوي من جانب التعاون الدولي، سيكونان ضروريين لهذا الغرض.	Both the efforts of developing countries and the vigorous reinforcement of international cooperation would be crucial to that end.
منذ إقرار القرار 688 (1991) الذي تعامل مع تدفقات اللاجئين من العراق بعد حرب الخليج الفارسي الأولى أصبح هذا النوع من المسائل يعتبر خطرا على السلام والأمن الدوليين.	Since the passage of resolution 688 (1991) dealing with the refugee flows from Iraq after the first Persian Gulf war, matters of this kind have been deemed to be threats to international peace and security.
وفي رسالة مؤرخة 12 نيسان/أبريل 2000، قدمت المنظمة غير الحكومية معلومات إضافية وطلبت رسمياً من اللجنة أن تنظر في البلاغ بموجب المادة 14 من الاتفاقية.	In a letter dated 12 April 2000 OMOD submitted additional information and formally requested that the Committee consider the communication under article 14 of the Convention.
وفي هذا الصدد، ترحب الحكومة النيجيرية بنتائج المؤتمر الدولي حول الإيدز الذي انعقد مؤخراً في بانكوك.	In that connection, the Nigerian Government welcomes the outcome of the recently held International AIDS Conference, which took place in Bangkok.
للاطلاع على الملاحظات الختامية بشأن إسرائيل، انظر المرجع نفسه، الفقرات 228-272.	For the concluding observations on Israel, ibid., paras.
وتتطلب الصلات الوثيقة بين التجارة والمالية وبين الطابع العالمي لأسباب وآثار الأزمة الحالية اتباع نُهج متماسكة من قبل المجتمع الدولي ترمي إلى تنشيط النمو في الناتج العالمي في الأجل القصير وبلوغ الأهداف الإنمائية للألفية، بما فيها تخفيف حدة الفقر إلى نصف ما هي عليه الآن في الأجل البعيد.	The close linkages of trade and finance and the global character of the causes and implications of the current crisis required coherent approaches by the international community to revive world output growth in the short term and to attain the Millennium Development Goals, including the reduction of poverty by one half, in the longer term.
(أ) بعثة الأمم المتحدة للمراقبة في العراق والكويت؛	(a) United Nations Iraq-Kuwait Observation Mission;
المصدر: تقارير المكاتب القطرية التابعة لبرنامج الأمم المتحدة الإنمائي المقدمة من خلال الإطار المتكامل للموارد، الفترة 2000-2002.	Indeed, the report provides solid evidence that the organization is well placed to pursue greater development effectiveness, which would greatly benefit from a strong resource base, in the years to come.
وفي هذا الصدد فإننا نقدر مبادرة الأمين العام، الهادفة إلى إصلاح وإعادة هيكلة المنظمة.	To this end we appreciate the initiative taken by the Secretary-General to reform and restructure the Organization.
وهو مفتوح لجميع هذه المنظمات، ومن ثم، فهو يشمل المنظمات التي ليس لها اختصاص بالأمور المشمولة بالاتفاق.	It is open to all RFMOs, so includes those with no competence on matters covered by the Agreement.
وقد أشارت تقارير سابقة للأمم المتحدة إلى أن حافز المفسدين للتهرب من عمليات السلام يبلغ مداه عندما تكون لديهم مصادر دخل مستقلة لدفع مرتبات جنودهم وشراء أسلحة وإثراء أنفسهم.	In previous United Nations reports it has been noted that spoilers have the greatest incentive to defect from peace processes when they have independent sources of income to pay soldiers, buy weapons, and enrich themselves.
ووُصفت عمليتا الإفراج هاتين بأنهما \'\'بادرتا حسن نية``.	Both releases were described as “goodwill gestures”.
السيد وليم ه‍. بارينغر (Willkie Farr and Gallagher, Washington D.C.	Mr. William H. Barringer (Willkie Farr and Gallagher, Washington D.C.)
1 - مدد مجلس الأمن، بموجب قراره 1712 (2006)، ولاية بعثة الأمم المتحدة في ليبريا لغاية 31 آذار/مارس 2007 وطلب إليّ أن أقدم معلومات عن التقدم المحرز في استيفاء المعايير القياسية العامة التي أوردتها في تقريري المؤرخ 12 أيلول/سبتمبر 2006 (S/2006/743).	By its resolution 1712 (2006), the Security Council extended the mandate of the United Nations Mission in Liberia (UNMIL) until 31 March 2007 and requested me to provide information on progress made in meeting the broad benchmarks outlined in my report of 12 September 2006 (S/2006/743).
ومن المتوقع، في حدود المعقول، أن يتولى الجانب الأعظم من العمل فعليا موظف من غير الرتبة ف-4، وبناء على ذلك، يُقترح أن يعين موظفو الفئة الفنية الأربعة المقرر تمويل وظائفهم من حساب الدعم على الشكل التالي: موظفان في الرتبة ف-3 وموظفان في الرتبة ف-2.	It is reasonably anticipated that much of the work may effectively be done at a level other than P 4 and, accordingly, it is proposed that four of the new Professional positions to be funded from the support account be at the P-3 level and two at the P-2 level.
97 انظر مثلا المرجع نفسه، 1975 (منشورات الأمم المتحدة، رقم المبيع E.77.V.3)، الصفحة 167، الفقرة 20.	See, e.g., ibid., 1975 (United Nations publication, Sales No. E.77.V.3), p. 167, para.
وتشتمل استراتيجية مشروع اعتماد هذه المعايير على نطاق المنظومة على عنصرين، هما اتباع نهج ذي مستويين واعتماد التدرج في التنفيذ.	The strategy of the system-wide IPSAS adoption project includes a “two-level” approach and phased implementation.
1 - الأنشطة	Activities
ملاحظة: سيرد موجز وقائع الجلسة السادسة والأربعين للمجلس الاقتصادي والاجتماعي في العدد القادم من اليومية (2000/204).	Note: The summary of the 46th meeting of the Economic and Social Council will appear in the next issue of the Journal (No.
تقريرا الفرقة العاملة المعنية بالخطة المتوسطة الأجل والميزانية البرنامجية	Reports of the Working Party on the Medium-term Plan and the Programme Budget
() الوثائق الرسمية للجمعية العامة، الدورة الثامنة والأربعون، الملحق رقم 42 (A/48/42)، المرفق الثاني.	Official Records of the General Assembly, Forty-eighth Session, Supplement No. 42 (A/48/42), annex II.
وبصفة عامة، أظهرت الاستقصاءات تأييدا جماهيريا واسع النطاق للاقتـراع العام ولمجموعة مقترحات الحكومة وضد رفض المجلس التشريعي لمجموعة المقترحات على أساس أنها تفتقر إلـى جدول زمني لبدء استعمال الاقتراع العام.	Generally speaking, surveys had shown broad public support for universal suffrage and for the government\'s package and against the Legislative Council\'s rejection of the package on the grounds that it lacked a timetable for introducing universal suffrage.
• تصويب المحاضر الحرفية: Chief, Verbatim Reporting Service, room C-154A؛	Under-Secretary-General for Internal Oversight Services
وأشارت إلى ما قاله نائب الأمين العام للأونكتاد، من أن الفقرة الفرعية قيد البحث تعني إضافة برنامج فرعي سادس إلى برنامج عمل الأونكتاد.	She referred to what the Deputy Secretary-General of UNCTAD had stated, namely that the subparagraph in question would mean the addition of a sixth subprogramme to the UNCTAD programme of work.
53 - تقرر ما يلي:	Decides:
كما أوصى المملكة بوضع وتنفيذ آلية قانونية وإجرائية لرصد حالات التعذيب والمعاقبة عليها تمشياً مع التشريعات الوطنية والالتزامات الدولية.	It also recommended that Saudi Arabia identify and implement legal and procedural machinery to monitor and sanction cases of torture in keeping with national legislation and international commitments.
ويواصل هذا النظام تقييم وتطوير المعايير الدولية للمتغيِّرات المناخية الأرضية الأساسية البالغ عددها 13 متغيِّراً (بما فيها الغطاء الأرضي والكتلة الأحيائية) واستحداث آلية إطارية أرضية دولية، وفقاً لما طلبه تحديداً مؤتمر الأطراف في اتفاقية الأمم المتحدة الإطارية بشأن تغيّر المناخ وطلبته الهيئة الفرعية المنبثقة عن الاتفاقية والمعنية بالمشورة العلمية والتكنولوجية.	The system is continuing with the assessment and development of international standards for the 13 terrestrial essential climate variables (including land cover and biomass) and the development of an international terrestrial framework mechanism, as specifically requested by the Conference of the Parties to the United Nations Framework Convention on Climate Change and by the Subsidiary Body for Scientific and Technological Advice of the Convention.
وأشار إلى أن الطلب الذي قدَّمته زامبيا للحصول على عضوية كاملة في اللجنة سوف يُنظر فيه في الدورة التالية.	Zambia\'s request for full membership of the Committee would be considered at its next session.
وإذا كان ثمة خلاف مشروع في هذه القاعة بشأن جوانب معينة في هذا القرار - وأعلم أنني سوف أسمع بعد لحظات من بعض أصدقائي آراء تتعارض مع الآراء التي أبديتها - فينبغي ألا نختلف حول الخطوة الرئيسية التالية، لأن القرار 1244 (1999) يطالب تحديدا بوضع الحكم الذاتي داخليا.	While there is a legitimate disagreement in the Chamber about certain aspects of that resolution — and I know I will hear in a moment from some of my friends about views of theirs that differ from the ones I have stated — there should be no disagreement on the next major step, because resolution 1244 (1999) definitely calls for self-governing status internally.
البند 127 من جدول الأعمال: تمويل قوات الأمم المتحدة لحفظ السلام في الشرق الأوسط (تابع)	Agenda item 127 Financing of the United Nations peacekeeping forces in the Middle East
وكان هذا الانخفاض يرجع بصورة رئيسية إلى إلغاء خطاب اعتماد واحد (الرسالة رقم 1100926) في 6 حزيران/ يونيه 2008 و 3 خطابات اعتماد سددت بالكامل، (الرسائل رقم 802524 و 1030389 و 1030568) في حزيران/يونيه 2008.	This decrease was mainly due to one letter of credit that was cancelled (communication No. 1100926) on 6 June 2008 and three letters of credit that were fully paid (communication Nos. 802524, 1030389 and 1030568) in June 2008.
وفي ظل القانون المحلي المتعلق بالجرائم المنظمة والجرائم الخطيرة الذي سنَّته حكومة منطقة هونغ كونغ الإدارية الخاصة، تسجل الوكالات البديلة لتحويل النقود كوكالات تحويل نقود أو وكالات صرافة.	Under the Organized and Serious Crimes Ordinance promulgated by the Government of the Hong Kong Special Administrative Region, alternative money transfer agencies are registered as remittance agents or currency exchangers.
323 - يجري حاليا استخدام فرادى المتعاقدين على نحو مستمر بصفة ميكانيكيي مركبات للاضطلاع بمختلف عمليات التصليح داخليا.	Currently, individual contractors have been employed on a continual basis as vehicle mechanics to undertake various repairs in-house.
ويسمح باستخدام التكنولوجيا للتنصت لدى التحقيق في الجرائم التي تستتبع عقوبة قصوى بالسجن لفترة لا تقل عن أربع سنوات، وفي التحضير لارتكاب جريمة الغرض منها الإرهاب.	Technical listening is permissible in the investigation of offences for which the maximum punishment is at least four years of imprisonment, and of the preparation of an offence with a terrorist intent.
Fax: + 46 8 698 1602	Fax: + 46 8 698 1602
وإن ما يتسم به نظام التحقيقات الجنائية من فعالية هو سبب من الأسباب التي جعلت فنلندا لا تلجأ إلى تطبيق تحفظها على المادة 14(7) من العهد إلا في حالات نادرة.	The efficient system of criminal investigation is one reason why the reservation concerning Article 14(7) of the Covenant has been applied very rarely.
ووباء الإيدز يمكن أن يكون كارثة للصومال، وأن يعرقل بشكل خطير الجهود المبذولة من أجل السلام وبناء الدولة.	An AIDS epidemic would be catastrophic for Somalia and seriously hamper efforts for peace and nation-building.
17 - تحيط علما بتقرير الأمين العام عن حالة الاتفاقية الدولية للقضاء على جميع أشكال التمييز العنصري()؛	Takes note of the report of the Secretary-General on the status of the International Convention on the Elimination of All Forms of Racial Discrimination;
ويمكن أن تتحقق هذه الترتيبات عن طريق تحديد دقيق لأصناف المعلومات الممكن تبادلها وكذلك من خلال فرض القيود المناسبة على الاطلاع على المعلومات المتبادلة.	These arrangements can be achieved through the careful definition of the types of information to be exchanged as well as through appropriate restrictions on access to exchanged information.
وتشترط كلتا المدونتين أن يتم التنصت بالاستناد إلى ترخيص مكتوب يصدره قاضي التحقيق.	Both require interceptions to be based on a written authorization by the investigating judge.
(ج) اتباع نهج ابتكارية وعملية لبناء قدرات الموارد البشرية والمؤسسات بين أعضاء اللجنة الاقتصادية والاجتماعية لآسيا والمحيط الهادئ والأعضاء المنتسبين إليها من أجل تحقيق التنمية المستدامة والتركيز على التأثيرات البيئية الناجمة عن العولمة وتحرير التجارة؛	(c) Use innovative and pragmatic approaches to capacity-building of both human resources and institutions of ESCAP members and associate members in the area of sustainable development, focusing on the environmental impact of globalization and liberalization;
وستطرح نتائج الدراسة بمناسبة اليوم الدولي للمرأة الذي يصادف 8 آذار/مارس 2001.	The results of the study will be launched on International Women\'s Day on 8 March 2001.
الدولة الطرف: إسبانيا	State party: Spain
1 ف-4، 1 ف-2، 6 خ م،	a Provided under general temporary assistance.
ونظرا لصعوبة الحالة الأمنية على الأرض، من الهام للمجتمع الدولي أن يضع أفضل السبل الممكنة لمساعدة الشعب الصومالي على مواصلة كل من الاستجابة السريعة والمساءلة في الوقت ذاته.	Given the difficult situation on the ground, it is important for the international community to formulate the best possible way to assist Somali people in pursuing both a quick response and accountability at the same time.
(د) وثيقة تبين موقف المجلس الأوروبي للشاحنين (A/CN.9/WG.III/WP.83)؛	(d) A document describing the position of the European Shippers\' Council (A/CN.9/WG.III/WP.83);
ولذا، يولي المكتب الاتحادي لمساواة المعوقين أهمية خاصة للمشاريع المتعلقة بالنساء على وجه التحديد عندما يمنح إعانات مالية لمشاريع إدماج المعوقين.	Accordingly, the Federal Bureau on Equality for Disabled Persons gives particular attention to projects that specifically concern women when it allocates financial aid to projects designed to integrate disabled persons.
ويحرَّر وصل بالأشياء المحجوزة“.	A receipt shall be issued for the seized objects.
No.	No. 291.0.55.001.
التبرعات المعلنة أو المدفوعة لصندوق الأمم المتحدة الاستئماني للتنمية الأفريقية في مؤتمر عام 2005 لإعلان التبرعات	Contributions pledged or paid to the United Nations Trust Fund for African Development at the 2005 Pledging Conference
في جلسة مجلس الأمن هذه سنستمع إلى إحاطتين إعلاميتين من السيد نيقولاس ميتشل والقاضية روزالين هيغينز.	At this meeting the Security Council will hear briefings by Mr. Nicolas Michel and Judge Rosalyn Higgins.
وفيما أحرز العديد من البلدان تقدما هاما في اتجاه تحقيق تكافؤ الجنسين في التعليم، ما زالت الفتيات يستأثرن بنسبة 57 في المائة من الأطفال الذين توقفوا عن الدراسة في أنحاء العالم.	While many countries have made significant progress toward gender parity in education, girls still account for 57% of the out-of-school children worldwide.
وإذ تشير أيضا إلى قرارها 59/44 المؤرخ 2 كانون الأول/ديسمبر 2004،	Recalling also its resolution 59/44 of 2 December 2004,
الثامن عشر- أداء آليات حقوق الإنسان لعملها بفعالية:	Effective functioning of human rights mechanisms:
43 - تهيب بحكومات أقل البلدان نموا وشركائها في التنمية أن تنفذ بالكامل الالتزامات الواردة في إعلان بروكسل() وبرنامج عمل العقد 2001-2010 لصالح أقل البلدان نموا()، المعتمدين في مؤتمر الأمم المتحدة الثالث المعني بأقل البلدان نموا الذي عقد في بروكسل من 14 إلى 20 أيار/مايو 2001؛	Calls upon the Governments of the least developed countries and their development partners to implement fully the commitments contained in the Brussels Declaration and the Programme of Action for the Least Developed Countries for the Decade 2001-2010, adopted at the Third United Nations Conference on the Least Developed Countries, held in Brussels from 14 to 20 May 2001;
(ب) فيما إذا كان يحق للجمهورية الاتحادية التشيكية والسلوفاكية أن تشرع، في تشرين الثاني/نوفمبر 1991، في تنفيذ ”الحل المؤقت“ وأن تُشغّل ابتداء من تشرين الأول/أكتوبر 1992 هذه الشبكة، المبينة في تقرير فريق الخبراء المستقلين العامل التابع للجنة الجماعات الأوروبية وجمهورية هنغاريا والجمهورية الاتحادية التشيكية والسلوفاكية المؤرخ 23 تشرين الثاني/نوفمبر 1992 (إقامة سد على نهر الدانوب عند الكيلومتر النهري 1851.7 في الإقليم التشيكوسلوفاكي وما يترتب عليه من آثار بالنسبة للمجرى المائي والملاحي)؛	(b) whether the Czech and Slovak Federal Republic was entitled to proceed, in November 1991, to the `provisional solution\' and to put into operation from October 1992 this system, described in the Report of the Working Group of Independent Experts of the Commission of the European Communities, the Republic of Hungary and the Czech and Slovak Federal Republic dated 23 November 1992 (damming up of the Danube at river kilometre 1851.7 on Czechoslovak territory and resulting consequences on water and navigation course);
وإذ يشير إلى قراري الجمعية العامة 181 ألف وباء (د-2) المؤرخ 29 تشرين الثاني/نوفمبر 1947، و194(د-3) المؤرخ 11 كانون الأول/ديسمبر 1948، وإلى سائر القرارات التي تؤكد وتُحدّد حقوق الشعب الفلسطيني غير القابلة للتصرف، وخاصة حقه في تقرير مصيره،	Recalling General Assembly resolutions 181 A and B (II) of 29 November 1947 and 194 (III) of 11 December 1948, as well as all other resolutions which confirm and define the inalienable rights of the Palestinian people, particularly their right to self-determination,
401- وتلاحظ اللجنة أنه بالرغم من المعلومات التفصيلية المقدمة بشأن النصوص الدستورية والتشريعية التي تحظر التمييز العنصري على المستوى الوطني، لا يعطي التقرير أمثلة عن تنفيذها عملياً أو عن إمكانية الاحتكام إلى الاتفاقية مباشرة أمام المحاكم المحلية.	The Committee notes that, despite the detailed information provided on the constitutional and legislative instruments prohibiting racial discrimination at the national level, the report gives no examples of their practical implementation or of the opportunity of invoking the Convention directly before the domestic courts.
إن اللجنة الفرعية لتعزيز وحماية حقوق الإنسان،	The Sub-Commission on the Promotion and Protection of Human Rights,
5 - وأقيم مقرا قيادة القوة والقطاع رقم 2 في العاصمة نيقوسيا، حيث يوجد مكتب للممثل الخاص للأمين العام ورئيس البعثة. بينما يوجد مقر قيادة القطاع رقم 1 ومقر قيادة القطاع رقم 4 في سكوريوتيسا وفاماغوستا، على التوالي.	The Force and sector 2 headquarters have been established in the capital city of Nicosia, where an office of the Special Representative of the Secretary-General and Chief of Mission is located, with sectors 1 and 4 headquarters based at Skouriotissa and Famagusta, respectively.
إن برامج تقديم الرعاية الاجتماعية الرامية إلى الحد من الفقر والجوع والمرض هي برامج شائعة في سري لانكا.	Welfare programs aimed at reducing poverty, hunger and morbidity have been common in Sri Lanka.
20- تحيط علما مع التقدير بالفرع ثالثا جيم من تقرير الأمين العام عن متابعة وتنفيذ إعلان ومنهاج عمل بيجين() بشأن المرأة والطفلة وفيروس نقص المناعة البشرية/متلازمة نقص المناعة المكتسب (الإيدز)، وتدعو الأمين العام إلى تقديم تقرير إلى لجنة مركز المرأة في دورتها الخامسة والأربعين عن تنفيذ هذا القرار.	Takes note with appreciation of section III.C of the report of the Secretary-General on the follow-up to and implementation of the Beijing Declaration and Platform for Action, on women, the girl child and HIV/AIDS, and invites the Secretary-General to report to the Commission on the Status of Women at its forty-fifth session on the implementation of the present resolution.
هذا المحضر قابل للتصويب.	This record is subject to correction.
(ج) تقييم مدى ملاءمة التعديلات المنصوص عليها في المادة 5-2، وفي حالة ملاءمتها، [حساب التعديلات] [بدء عملية حساب التعديلات].	To assess if adjustments under Article 5.2 are appropriate and, if so, [to calculate adjustments][to initiate the process of calculating adjustments].
ويجب أن أقر لكم أنه لم يسبق لي وأن اضطررت لتقديم بيان وداع في مرحلة مبكرة كهذه.	I must confess that it never occurred to me that I would have to make a farewell statement at such an early stage.
جنيف، 10 تشرين الأول/أكتوبر 1980	Geneva, 10 October 1980
وفي هذا السياق المحدد، تود حكومة بلادي أن تبلغ المجلس بأنها أقامت مواقع معسكرات يجب أن تزورها البعثة والمراقبون الدوليون، إن لم يكونوا قد قاموا بذلك إلى الآن.	In this specific context, my Government would like to inform the Council that it has set up cantonment sites that MONUC and international observers should visit, if they have not yet done so.
الأشخاص المنتمين إلى أقليات قومية أو إثنية وإلى أقليات دينية ولغوية	national or ethnic, religious and linguistic minorities
وأُعرب في هذا الصدد عن رأي مفاده أنه ينبغي إجراء عملية إعادة تحديد دقيقة لأولويات البرامج وأن الأنشطة الإضافية ينبغي استيعابها من خلال نقل الموارد من الأولويات الأدنى إلى الأولويات الأعلى.	In this connection, the view was expressed that a thorough reprioritization of programmes should be conducted and additional activities should be absorbed through redeployment of resources from lower priorities to higher priorities.
(ب) تقرير الأمين العام (القراران 60/109 ألف وباء)، A/61/216.	(b) Report of the Secretary-General (resolutions 60/109 A and B), A/61/216.
GIEACPC Global initiative to End All Corporal Punishment of Children, UPR submission, January 2008, London (UK)	GIEACPC Global initiative to End All Corporal Punishment of Children, UPR submission, January 2008, London (UK)
5- يمكن تنظيم حلقة العمل من قبل مكتب شؤون الفضاء الخارجي التابع للأمانة ومن قبل الوكالة في فيينا خلال الربع الثالث من عام 2005، وذلك، إن أمكن، قبل أو بعد أحد اجتماعات الوكالة ذات الصلة مباشرة، وبغية تيسير مشاركة خبراء الوكالة.	The technical workshop could be organized by the Office for Outer Space Affairs of the Secretariat and IAEA in Vienna in the third quarter of 2005 and, if possible, immediately before or after a relevant IAEA meeting in order to facilitate attendance by IAEA experts.
CEDAW/C/SR.629 جلسة معقودة في 12 كانون الثاني/يناير 2004، الساعة 00/10 [بجميع اللغات الرسمية]	CEDAW/C/SR.629 Meeting held on 12 January 2004, 10 a.m. [A C E F R S]
وتجدر الإشارة مع ذلك، إلى أن استرداد الموجودات لا يقتصر على جرائم الفساد الكبرى.	It should, however, be mentioned that asset recovery goes beyond grand corruption.
593- تلاحظ اللجنة المبادرة التي بدأت "بمراكز خدمات الطوارئ المتكاملة للضحايا"، وقيام وزارة شؤون المرأة والطفل بإنشاء لجنة فرعية تعنى بالتعافي وإعادة الإدماج في المجتمع.	The Committee notes the initiative started with the “One Stop Crisis Centres” for victims and that MOWCA has set-up a subcommittee on recovery and rehabilitation.
وقدمت اللجان الفنية الأخرى، التي لم تتمكن تحديدا من طرق الموضوع، نظرا لتأخر قرار المجلس إسهامات في سياق تركيزها وصلتها الطبيعية بمسألة القضاء على الفقر.	Other commissions that were not able to specifically address the theme, given the lateness of the decision by the Council, made contributions in the context of their own focus and their natural link to poverty eradication.
ويعقب ذلك امتحان شفوي بإحدى لغتي العمل أو كلتيهما.	This would be followed by an oral interview in one or both of the working languages.
باء - الاحتياجات من الموارد لأداء العمل المتعلق بالنتائج المتفق عليها في خطة طريق بالي	Resource requirements for work related to agreed outcomes under the Bali Road Map Significant change is expected to result from the ongoing Bali Road Map process.
5- يُقترح، في الفقرة الفرعية (ب)، أن تُحذف كلمة "أي"، بحيث يصبح نص الفقرة الفرعية كما يلي:	In subparagraph (b), it is proposed the delete the word “any”, so that the subparagraph would read as follows:
وسيكون للحد من المشاركة في المؤتمر تأثير سلبي على مستوى المناقشة وعلى النتائج.	Restricting admission to the Conference would have a negative impact on the level of discussion and on the outcome.
ولهذا السبب تعهدت بلادي ببذل الجهود للمحافظة على السلام والأمن الدولي، في داخلها وخارج حدودها، ولا سيما في القارة الأفريقية.	That is why my country has undertaken efforts for the preservation of peace and international security, both in the country and beyond its borders, especially on the African continent.
ولم يعد ثمة شكل في ذلك اليوم، كما لم يكن من قبل، في أن الإرهاب الدولي أصبح يشكل تهديدا للسلام العالمي، ولذا أصبح من الضروري أن يكافح على هذا الأساس.	If not before, then no doubt on that day international terrorism became a threat to world peace, and it is therefore necessary to fight it accordingly.
الشكل الخامس	appeal launch and
وينبغي أن تصبح بعض المسائل الأخرى التي يتناولها التقرير، كطابع الصراعات المتغير، وانتشار الجماعات المسلحة من غير الدول وتفتتها وهويتها ودوافعها، والتحاور مع تلك الجماعات، موضوعا لمزيد من النظر لضمان وقوعها في نطاق أحكام ميثاق الأمم المتحدة والقانون الدولي الواجب التنفيذ.	Other matters addressed in the report, such as the changing nature of conflicts, the proliferation, fragmentation, identity and motivation of non-State armed groups, and dialogue with those actors, should be the subject of further consideration in order to ensure that they fall within the scope of the provisions of the Charter of the United Nations and applicable international law.
5 - تعيد تأكيد أهمية تقوية التعاون الدولي من أجل تعزيز حقوق الإنسان وحمايتها وتحقيق أهداف مكافحة العنصرية والتمييز العنصري وكراهية الأجانب وما يتصل بذلك من تعصب؛	Reaffirms the importance of the enhancement of international cooperation for the promotion and protection of human rights and for the achievement of the objectives of the fight against racism, racial discrimination, xenophobia and related intolerance;
وأكون ممتنا لو تفضلتم بتعميم هذه الرسالة بوصفها وثيقة من وثائق مجلس الأمن.	I should be grateful if you could arrange for the present letter to be circulated as a document of the Security Council.
(ج) التشجيع على وضع الإجراءات التي من شأنها كفالة عدم ارتكاب طالبي اللجوء السياسي واللاجئين أعمالا إرهابية.	(c) Encourage the establishment of procedures to ensure that asylum seekers and refugees have not committed terrorist acts.
وأضاف قائلاً إن استقرار الاقتصاد الكلي والإصلاحات الهيكلية أمران حيويان وكفيلان بتحقيق نمو مستدام وسريع، لكن شبكات الأمن الاجتماعي والنفقات الاجتماعية مهمة أيضاً.	Macroeconomic stability and structural reform were crucial for sustainable and rapid growth, but social safety nets and social expenditure were also important.
3 - تعيينات لملء الشواغر في الهيئات الفرعية وتعيينات أخرى	Appointments to fill vacancies in subsidiary organs and other appointments
(هـ) تطبيق المبدأ الوقائي للسلامة البيولوجية والعدالة الاجتماعية على جميع التعديلات الوراثية، واتخاذ خطوات لوقف جميع أعمال تسجيل البراءات بشأن الموارد البيولوجية والعمليات والمعارف البيولوجية، وإدانة ما يدعى “تكنولوجيا البذور غير المعقبة”؛	(e) Apply the precautionary principle of bio-safety and social justice to all genetic modification, and take steps to halt all patenting of biological resources, processes and knowledge, and to condemn so-called “terminator technology”;
- استحداث جائزة عالمية لرئيس الجمهورية في عام 2003 للدراسات الإسلامية التي تشجع على التفكير المستنير؛	- The establishment in 2003 of an international prize of the President of the Republic for Islamic studies that encourage enlightened reflection;
59- وفيما يتعلق بالتشريعات التي تقضي بالإعلان عن الصكوك القابلة للتداول المملوكة لحاملها المنقولة عبر الحدود، ظلّ الاتجاه منخفضا على الصعيد العالمي، رغم ملاحظة زيادة كبيرة بين فترتي الإبلاغ الرابعة (47 في المائة) والخامسة (62 في المائة).	Regarding legislation on declaring cross-border transportation of negotiable bearer instruments, the trend remained low at the global level, although a strong increase was observed between the fourth (47 per cent) and fifth reporting periods (62 per cent).
وقد بلغ إجمالي المتطلبات من الوظائف حتى 1 كانون الثاني/يناير 2001، ما مجموعه 827 4 (679 منها للمقر الرئيسي، و20 للبرامج العالمية و128 4 للميدان).	As at 1 January 2001 post requirements for 2001 total 4,827 (679 for headquarters, 20 for global programmes and 4,128 for the field).
3 - ولا يشمل التقرير نتائج الرقابة المتعلقة بإدارة عمليات حفظ السلام أو إدارة الدعم الميداني أو بعثات حفظ السلام والبعثات السياسية الخاصة، والتي سيتم عرضها على الجمعية العامة في الجزء الثاني من التقرير خلال الجزء المستأنف من الدورة الرابعة والستين.	The report does not cover oversight findings pertaining to the Department of Peacekeeping Operations, the Department of Field Support or the peacekeeping and special political missions, which will be presented to the General Assembly in part II of the report during the resumed part of the sixty-fourth session.
27- وفي عام 2001، أُفيد أن والد طفلة في الصف الرابع من المدرسة الابتدائية في موسيغاتي قدم شكوى ضد أحد أفراد القوات العسكرية من قاعدة موسيغاتي العسكرية ومؤداها أن هذا الشخص قام باغتصاب ابنته ثم أعطاها مبلغاً قدره 000 3 فرنك بوروندي شراءً لصمتها وعدم الإبلاغ عنه.	In 2001, the father of a girl in the fourth form at primary school in Musigati reportedly complained against a member of the military from the Musigati military base who, after having raped his daughter, gave her 3,000 Burundian francs so that she would not tell anyone.
وينبغي أن نتذكر أن استراتيجية تشجيع الطلب القائمة على أساس زيادة الإنفاق ربما تؤدي، بالإضافة إلى أثرها على مالية الحكومة، إلى توسيع العجز الخارجي إلى حدٍّ يفوق قدرة البلد على تمويله.	Beyond these considerations, taking into account the impact that measures in one area may have on the rest of the economy, a full analysis of the countries\' capacities should encompass, in addition to the aforementioned factors, other elements, such as the degree of monetization and the depth of the financial market or the balance-of-payments current account balance.
وينبغي لها أن تنظر، على سبيل المثال، في مسائل تتعلق بقضايا من قبيل احترام حقوق الإنسان، ومبدأ سيادة الدول، وحق تقرير المصير والسلامة الإقليمية، ومعالجة النـزاعات والأزمات، ومبدأ عدم التدخل في الشؤون الداخلية.	It should examine, for example, questions related to issues such as respect for human rights and the principle of State sovereignty, the right of self-determination and territorial integrity, conflicts and crisis management, and the principle of non-interference in internal affairs.
230 - كانت الإجراءات التي قامت بها القاعدة العسكرية التابعة للحكومة السودانية في قرية غوسمينو بالذات غير فعالة، سواء في الرد على المهاجمين ردا مباشرا (استغرق الهجوم نحو ساعتين لم تقدم فيها أي شكل من أشكال الحماية) أو في منع هروب المهاجمين.	The actions of the Government military at the base near Gosmino were particularly ineffective either in responding to the attackers directly (the attack lasted for about two hours, in which time they did not provide any form of protection) or in preventing the escape of the attackers.
ومع ذلك يحتمل أن تتعزز القدرة على التنبؤ بتقديم الخدمات.	The predictability of the servicing, however, would likely be enhanced.
58/298 - حساب دعم عمليات حفظ السلام	Support account for peacekeeping operations
ورفض مكتب المقاطعة الطلب بحجة أن أوجين زيرنين لم يطلب الاحتفاظ بالجنسية التشيكية بعد أن حرم منها، وفق قانون الجنسية لعام 1993، الذي ينص على أن إصدار حكم في صالح المشتكي يتطلب، كشرط أساسي، إنهاء الإجراءات المتعلقة بالجنسية بصورة إيجابية.	The District Office denied the application on the ground that Eugen Czernin had not retained Czech citizenship after being deprived of it, in accordance with the Citizenship Act of 1993, which stipulates that a decision in favour of the plaintiff requires, as a prerequisite, the favourable conclusion of a citizenship procedure.
18- يقوم فريق خبراء استعراض وحيد باستعراض العناصر التي يرد وصفها في الفقرة 15 أعلاه مجتمعة في حالة كل طرف من الأطراف المدرجة في المرفق الأول.	The elements described in paragraph 15 above shall be reviewed together for each Party included in Annex I by a single expert review team.
وإن تدفقات الموارد الخاصة لم تكن متساوية وكانت تعرض بعض البلدان النامية لأخطار أكبر.	Private resource flows had been uneven and were exposing some developing countries to greater risks.
4 - القضايا المتعلقة بحسابات رأس المال لمحاولة احتواء أو منع التحركات الحادة لرؤوس الأموال حتى لا يؤدي إلى اضطرابات شديدة في الاقتصاد.	Issues relating to capital accounts, with a view to containing or preventing intense capital movements, so as to avoid violent disturbances in the economy;
15 - وقال لقد تم الإعراب أيضا عن القلق إزاء نفقات السفر استنادا إلى تعليقات اللجنة الاستشارية لشؤون الإدارة والميزانية ومراعاة لتوفر إمكانيات الائتمار عن طريق الفيديو.	Concern had been expressed about expenditures on travel, based on comments by ACABQ and taking into account the availability of videoconferencing.
علاوة على ذلك، فإن النساء المصابات بفيروس نقص المناعة البشرية/الإيدز يمكن أن يتعرضن للوصمة ويصبحن منبوذات اجتماعيا دون خطأ من جانبهن.	Further, women who suffer from HIV/AIDS can be stigmatized and socially shunned through no fault of their own.
وتصبح استحقاقات الموظفين حقا مكتسبا لهم بصورة كاملة ابتداء من تاريخ استيفائهم لجميع الشروط المؤهلة لنيل الاستحقاقات؛	Active staff members\' benefits are fully accrued on the date on which they become fully eligible for benefits;
وأود أن أختتم بياني بالإعراب عن تقدير وفد بلادي العميق والمخلص للجهود الدبلوماسية التي يبذلها الاتحاد الأوروبي وخصوصا وزير خارجية فرنسا فيدرين.	May I conclude by expressing my delegation\'s deep and sincere appreciation for the diplomatic efforts undertaken by the European Union, specifically by Foreign Minister Védrine of France.
التدابير التي اتخذتها الإدارة	Measures Taken by the Administration
ولقد تردت حالة الصحة الإنجابية وثمة ارتفاع في معدلات الأمراض والإصابات وحالات العجز المهنية.	Reproductive health has deteriorated and there is a high incidence of occupational disease, injury and disability.
وفي هذا الصدد أبرز أن قبول اتفاق الامتثال الذي أعدته منظمة الأغذية والزراعة واتفاق الأمم المتحدة للأرصدة السمكية لعام 1995 والتصديق عليهما سيساعد إلى حد كبير في التصدي لمشكلة صيد الأسماك غير المشروع وغير المبلغ عنه وغير المنظم.	In this respect he underscored that acceptance and ratification of the FAO Compliance Agreement and the 1995 United Nations Fish Stocks Agreement will also greatly assist in addressing IUU fishing.
9 - وفي 4 نيسان/أبريل، أصدر الرئيس المؤقت مرسوما رئاسيا أكد بموجبه تعيين القائد زامورا والعقيد ندياي بشكل مؤقت حتى تنصيب رئيس منتخب جديد للجمهورية.	On 4 April, the interim President issued a presidential decree confirming the appointments of Commander Zamora and Colonel N\'djai on an interim basis until an elected president of the Republic was sworn in.
حالة تنفيذ التوصيات الصادرة عن المجلس لفترة السنتين المنتهية في 31 كانون الأول/ديسمبر 2005(أ)	Status of implementation of recommendations issued by the Board for the biennium ended 31 December 2005a
وفضلاً عن ذلك، فإن خطة عمل بانكوك تدعو إلى تعريف السياسات للتصدي لأهم القيود التي يواجهها العديد من البلدان النامية في الاستجابة للتحديات البيئية، مثل انعدام القدرات التقنيـة والمالية والمؤسسية وطاقات الإمدادات(2).	In addition, the Bangkok Plan of Action calls for the identification of policies to address major constraints faced by many developing countries in responding to environmental challenges, such as lack of technical, financial, institutional and supply capacities.
61- ويوصي المقرر الخاص مجلس حقوق الإنسان بأن يطلب من حكومات الدول الأعضاء مواصلة العمل لتنفيذ إعلان وبرنامج عمل ديربان اللذين ينبغي أن يظلا حجر الزاوية لجهود محاربة العنصرية والتمييز العنصري وكره الأجانب وما يتصل بذلك من تعصب.	The Special Rapporteur recommends that the Human Rights Council call upon Governments of Member States to continue to work for implementation of the Durban Declaration and Programme of Action, which should remain the cornerstone of efforts to combat racism, racial discrimination, xenophobia and related intolerance.
14 - في الجلسة 22 المعقودة في 17 تشرين الأول/أكتوبر، عرض ممثل الفلبين مشروع قرار معنونا “الاتجار بالنساء والفتيات” (A/C.3/57/L.17) وذلك باسم إثيوبيا وأذربيجان والأرجنتين وإريتريا وإسبانيا وإسرائيل وأفغانستان وإكوادور وألمانيا وأندورا وإندونيسيا وأوكرانيا وأيسلندا وإيطاليا وباراغواي والبرتغال وبروني دار السلام وبلجيكا وبلغاريا وبنغلاديش وبنما وبنن وبوتان وبوركينا فاسو وبوروندي والبوسنة والهرسك وبولندا وبيرو وتايلند وترينيداد وتوباغو وتوغو وجمهورية إيران الإسلامية والجمهورية التشيكية والجمهورية الدومينيكية وجمهورية الكونغو الديمقراطية وجمهورية تنزانيا المتحدة وجمهورية مقدونيا اليوغوسلافية السابقة وجمهورية مولدوفا وجنوب أفريقيا والدانمرك والرأس الأخضر ورومانيا وسان مارينو وسلوفينيا والسنغال وسوازيلند وسورينام وسويسرا وسيراليون وشيلي والصين وغانا وغواتيمالا وغينيا - بيساو والفلبين وفنزويلا وفنلندا وفيجي وفييت نام وقبرص والكاميرون وكرواتيا وكمبوديا والكونغو وكينيا ولاتفيا ولكسمبرغ وليبريا وليختنشتاين ومدغشقر والمكسيك وملاوي والمملكة المتحدة لبريطانيا العظمى وأيرلندا الشمالية ومنغوليا وموناكو وميانمار وناميبيا والنرويج والنمسا ونيجيريا ونيوزيلندا وهايتي وهنغاريا وهولندا واليونان.	At the 22nd meeting, on 17 October, the representative of the Philippines, on behalf of Afghanistan, Andorra, Argentina, Austria, Azerbaijan, Bangladesh, Bhutan, Belgium, Benin, Bosnia and Herzegovina, Brunei Darussalam, Bulgaria, Burkina Faso, Burundi, Cambodia, Cameroon, Cape Verde, Chile, China, the Congo, Croatia, Cyprus, the Czech Republic, the Democratic Republic of the Congo, Denmark, the Dominican Republic, Ecuador, Eritrea, Ethiopia, Fiji, Finland, Germany, Ghana, Greece, Guatemala, Guinea-Bissau, Haiti, Hungary, Iceland, Indonesia, the Islamic Republic of Iran, Israel, Italy, Kenya, Latvia, Liberia, Liechtenstein, Luxembourg, Madagascar, Malawi, Mexico, Monaco, Mongolia, Myanmar, Namibia, the Netherlands, New Zealand, Nigeria, Norway, Panama, Paraguay, Peru, the Philippines, Poland, Portugal, the Republic of Moldova, Romania, San Marino, Senegal, Sierra Leone, Slovenia, South Africa, Spain, Suriname, Swaziland, Switzerland, Thailand, the former Yugoslav Republic of Macedonia, Togo, Trinidad and Tobago, Ukraine, the United Kingdom of Great Britain and Northern Ireland, the United Republic of Tanzania, Venezuela and Viet Nam, introduced a draft resolution entitled “Trafficking in women and girls” (A/C.3/57/L.17).
النفايات الإلكترونية (مثل الزئبق والرصاص والديوكسين)	Remaining balances of United Kingdom\'s contribution of US$ 110,000 received in 2006 and Netherlands\'s contribution of US$ 7,000 received in December 2004.
ما برحنا مقتنعين بأن القضاء التام على الأسلحة النووية وغيرها من أسلحة الدمار الشامل هو الضمان الوحيد المتوفر لنا بأنه لن ينظر في استعمال هذه الأسلحة.	We continue to be convinced that the total elimination of nuclear and other weapons of mass destruction is the only assurance we have that the use of such weapons will not be considered.
رصد التقدم المحرز	Monitoring of progress
البند 5 (د) من جدول الأعمال:	Agenda item 5 (d)
وإذ تضع في اعتبارها المسؤوليات الخاصة التي تقع على عاتق الدول الدائمة العضوية فــي مجلــس الأمــن، على النحو المشـار إليه فــي قرار الجمعية العامـة 1874 (دإ - 4) المؤرخ 27 حزيران/يونيه 1963، في تمويل تلك العمليات،	Bearing in mind the special responsibilities of the permanent members of the Security Council, as indicated in General Assembly resolution 1874 (S-IV) of 27 June 1963, in the financing of such operations,
3 - ينبغي في استخدام الموظفين وفي تحديد شروط خدمتهم أن يراعى في المقام الأول ضرورة الحصول على أعلى مستوى من المقدرة والكفاءة والنزاهة.	The paramount consideration in the employment of the staff and in the determination of the conditions of service shall be the necessity of securing the highest standards of efficiency, competence and integrity.
وإن حكومة إريتريا على ثقة كاملة بأن تنـزانيا سوف تعزز إسهام أفريقيا في فعالية عمل المجلس.	The Government of Eritrea is supremely confident that Tanzania will enhance the contributions of Africa to the effectiveness of the Council.
ويجوز للجنة الامتثال أن تساعد الطرف في وضع برنامج لتحقيق الامتثال بأسرع ما يمكن، يتضمن:]	The Compliance Committee may assist the Party to develop a programme to attain compliance as soon as possible, including:]
(أ) تحديد خط أساس موحد [، بما في ذلك تعريف حد القطاع بحسب الحالة]؛	In relation to positive or negative lists of project activity types under the clean development mechanism
وبناء عليه، يتوجب على المؤتمر أن يوضح العلاقة بين مختلف الواجبات المنصوص عليها في المعاهدة، ويحدد بوضوح أن حق الدول في استخدام الطاقة النووية في أغراض سلمية بموجب المادة الرابعة ليس حقا مطلقا بل حقا مشروطا مقيدا بواجباتها بموجب المواد الأولى والثانية والثالثة، وأن الحقوق تعادلها واجبات بالنسبة للدول الموردة والدول المستوردة على السواء.	The Conference must accordingly clarify the relationship between the various obligations under the Treaty, clearly establishing that the right of States to use nuclear energy for peaceful purposes under article IV was not absolute but rather was conditioned by obligations under articles I, II and III, and that rights were balanced by obligations in the case of both supplier and recipient States.
وبإمكاننا أن نفعل ذلك معا.	Together we can do it.
1 - تتخذ طاجيكستان الإجراءات المناسبة لتحسين مركز المرأة الريفية فيما يتعلق بممارسة حقوقها، انطلاقا من إدراكها للمشاكل الخطيرة التي تواجه المرأة، واعترافا بأهمية مساهمتها في تحقيق رفاهية الأسرة وتقدُّم المجتمع.	The Republic of Tajikistan, recognizing the difficult problems facing women living in rural areas and taking into account the importance of their contribution to the well-being of the family and to the development of society, is taking appropriate measures to improve the protection of the rights of rural women.
وتحقيقاً لهذه المبادئ تقتضي الاتفاقية رقم 169 استشارة الشعوب الأصلية والقبلية بشأن القضايا التي تؤثر عليها، وضرورة تمكينها من المشاركة بشكل حر ومستنير في وضع السياسات أو أي عمليات أخرى تمسهم.	In order to realize this philosophy, Convention No. 169 requires that indigenous and tribal peoples be consulted on issues affecting them, and that they should be able to engage in free and informed participation in policy development, or other processes that affect them.
208- وسيتمثل جانب آخر من جوانب هذه الدراسة في التعاون مع المنظمة الدولية للهجرة، ومفوضية الأمم المتحدة لشؤون اللاجئين، وغير ذلك من المنظمات التي يهمها الأمر، في طلب المعلومات حول الطريقة التي يعامل بها فعلياً غير المواطنين في عدد من البلدان ومناقشة هذه الطريقة، وفي استنباط نهج شامل لحماية حقوق غير المواطنين.	Another aspect of this study will be to cooperate with the International Organization for Migration, the Office of the United Nations High Commissioner for Refugees and other interested organizations in seeking information about and discussing how non-citizens are actually treated in a number of countries and in developing a comprehensive approach to the protection of the rights of non-citizens.
(أ) إذا قدمت دولة طرف ما تقريرا ولكنها لم ترسل وفداً إلى اللجنة، يمكن للجنة أن تخطر الدولة الطرف بالموعد الذي تعتزم فيه أن تنظر في التقرير، أو يمكن لها أن تمضي قدماً في النظر في التقرير في الجلسة التي يكون قد سبق تحديد موعدها؛	(a) If a State party has submitted a report but does not send a delegation to the Committee, the Committee may notify the State party of the date on which it intends to consider the report or may proceed to consider the report at the meeting that had been initially scheduled;
وتتمثل الآثار الرئيسية للتصحر والجفاف في هبوط حاد في إنتاجية النظم الإيكولوجية، ويتخذ ذلك شكل هبوط في الريع العائد من المحاصيل الزراعية والثروة الحيوانية والغابات؛ وفقدان التنوع البيولوجي؛ مما يؤدي، من وجهة النظر الاجتماعية، إلى الإفقار، والهجرة، والتحركات الداخلية للسكان، وتدهور نوعية الحياة، وبالتالي سيكون لزاما أن تعتمد منطقة أمريكا اللاتينية والبحر الكاريبي نهجا متكاملا إزاء مشاكل التصحر والجفاف عن طريق الترويج لنماذج التنمية المستدامة التي تتماشى مع الوضع البيئي والاقتصادي والاجتماعي في كل بلد.	From the social point of view, the results are impoverishment, migration, internal population movements, and deterioration in the quality of life; the Latin America and the Caribbean region will therefore have to adopt an integrated approach to problems of desertification and drought by promoting sustainable development models that are in keeping with the environmental, economic and social situation in each country.
لذلك كانت هناك فرصة لتبسيط الإجراءات الحالية، وقد أقرت الجمعية العامة في مقررها 57/572 مقترح استهلال مشاورات مع مركز التجارة الدولية ومنظمة التجارة العالمية من أجل القيام باستعراض مشترك للترتيبات.	There was therefore an opportunity to streamline current procedures, and the General Assembly, in its decision 57/572, had endorsed the proposal to initiate consultations with ITC and WTO for a joint review of the arrangements.
وحضرت المقررة الخاصة عدة اجتماعات عقدت في مجلس الأمن وتناولت الحالة الراهنة في جمهورية الكونغو الديمقراطية.	She attended several meetings of the Security Council on the situation in the Democratic Republic of the Congo.
52 - إحاطة مقدمة من رئيس محكمة العدل الدولية (31 تشرين الأول/أكتوبر 2000؛ 28 تشرين الأول/أكتوبر 2008).	Briefing by the President of the International Court of Justice (31 October 2000; 28 October 2008).
وعلى الرغم من أن لها مبادئها ومؤسساتها واتجاهها الغائي، فإن هذه المبادئ والقواعد يحال إليها وتطبق على نطاق واسع في هيئات مختلفة.	Although they had their own principles, institutions and teleology, those principles and rules were widely referred to and applied in different forums.
ويتم التمويل الأساسي علي الصعيد الأوروبي من قبل أي عضو في المنظمات المرتبطة بها.	The basic funding is shouldered on a European level namely by the associated member organizations.
مشروع توصيات	Draft recommendations
(ب) "ISO 16111" (المعيار التقني المستخدم في التصميم والبناء والاختبار)؛	(b) "ISO 16111" (the technical standard used for design, manufacture and testing);
وستتولى تفسير الإطار النظري للمجلس الدولي لمعايير المحاسبة، بالإضافة إلى المعايير الدولية للإبلاغ المالي.	It would interpret the IASB conceptual framework, as well as the International Financial Reporting Standards (IFRS).
نيويورك، 28 آب/أغسطس - 1 أيلول/سبتمبر ‏2000	New York, 28 August-1 September 2000
وهو يستكمل ويستحدث التقرير الذي قدم إلى الجمعية العامة في تشرين الأول/أكتوبر 2000 (A/55/335) والذي يتضمن، بالإضافة إلى المشاكل التي أثيرت في هذا التقرير، المسائل المتعلقة بتسييس الشرطة، والقصور في الثقافة الديمقراطية والإفلات من العقاب والإصلاح القضائي ومسألة سكان الريف والحق في التنمية والحق في التعليم وحالة المهاجرين الهايتيين في الجمهورية الدومينيكية.	It supplements and updates the report submitted to the General Assembly in October 2000 (A/55/335), which, in addition to the problems raised in this report, deals with issues relating to the politicization of the police, the lack of a culture of democracy, impunity, judicial reform, the question of rural populations and the right to development, the right to education and the situation of Haitian migrants in the Dominican Republic.
وتذَكر الدولة الطرف أن مبلغاً ما غير محدد تم دفعه للأسرة في تاريخ غير محدد؛	In finding a violation on article 26, the Committee observed that:
ورئي أن هذه العبارة ينبغي أن تُحذف لأنها تجعل المعيار مفرط الذاتية باعتماده على رأي الناقل، أما بقية العبارة، "أن الظروف قد تقتضي ذلك في حدود المعقول"، فهي مناسبة وينبغي الإبقاء عليها.	It was thought that this phrase should be deleted since it made the test too subjective by relying on the opinion of the carrier, but that the remainder of the phrase “as the circumstances reasonably may require” was appropriate and should be kept.
36 - وكما تعرف جميع الحكومات جيدا فإن الفشل في حل مسألة تدهور وتصحر الأراضي في أفريقيا وحول العالم ربما يقود إلى صراعات أكبر وإلى تدفق مزيد من الهجرة نحو البلدان النامية.	As all Governments know well, a failure to resolve the issue of land degradation and desertification in Africa and around the world is likely to lead to even greater conflict and to further migration flows towards the developed countries.
وتقتصر هذه التعيينات على العمل في بعثة محددة، دون استحقاق تسوية مقر العمل أو منحة الانتداب، أو بدل الانتقال والمشقة، أو ما يتصل بذلك من استحقاقات)	Such appointments are limited to service with a specific mission, with no entitlement to post adjustment, assignment grant, mobility and hardship allowance or related entitlements.
وقد خلت عريضة الاتهام التي وجهتها إليه حكومة الولايات المتحدة في 11 كانون الثاني/يناير من أي ذكر لتهمة الإرهاب، والحال أنها تمتلك الأدلة وتعلم جيدا أنه ارتكب عددا لا يحصى من الأعمال الإرهابية بما فيها قيامه في عام 1979 بتفجير طائرة تابعة للخطوط الجوية الكوبية، والهجمات التي شنها في عام 1997 على فنادق كوبية والتي تسببت إحداها في مقتل السائح الإيطالي الشاب فابيو دي تشيلمو.	In its 11 January indictment the United States Government makes no mention of terrorism. That Government has full knowledge and evidence of the countless acts of terrorism committed by Posada Carriles, including the downing of a Cubana de Aviación aircraft in 1976 and acts of terrorism perpetrated against Cuban hotels in 1997, one of which took the life of Fabio Di Celmo, a young Italian tourist.
وبفضل الاستقلال الذاتي المركزي التي تتميز بها طبيعة اليونيتار، ومرونته التشغيلية، فإن له دورا هاما يؤديه في هذا المجال.	Thanks to its institutional autonomy and operational flexibility, UNITAR has an important role to play in this area.
2004/14- حالة حقوق الإنسان في بيلاروس	Situation of human rights in Belarus
22- وفيما يتعلق بالمراقبة الدولية اللمخدرات، قال إن وفد بلده يلاحظ مع عميق القلق أن المنبهات من صنف الأمفيتامين هي ثاني أوسع المواد استعمالا، وأن استعمالها زاد في الآونة الأخيرة في جميع أصقاع العالم.	With regard to international drug control, his delegation noted with profound concern that amphetamine-type stimulants were the second most widely used substance, and that their use had recently increased in all regions of the world.
ولا تزال عملية إعادة التحقق من تلك الوحدات، حسب نص الصيغة الجديدة والمعتمدة من إجراءات التشغيل الموحدة، في انتظار قيام عنصري القوات المسلحة السودانية والجيش الشعبي لتحرير السودان في الوحدات بتقديم القائمة الاسمية للجنود.	The reverification of these Units in accordance with the new and approved standard operating procedure is pending submission of the nominal roll of soldiers by respective Sudanese Armed Forces and SPLA components of the Units.
وتحقيقا لهذه الغاية نقترح اتباع سبيل العمل الوارد أدناه، مع الأخذ في الحسبان النتائج التي خلصت إليها بعثة التقييم:	To that end, the course of action set out below is proposed, taking into account the findings of the assessment mission.
باء - أشكال التمييز العنصري ومظاهره ضد الغجر	Forms and manifestations of racial discrimination against Gypsies
باء - وإلى جانب فرق مكافحة الاتجار العاملة في إطار مديريات الأمن التابعة للشرطة اليونانية في أثينا وثيسالونيكي، أنشئت فرق مماثلة في 12 مديرية أمن أخرى في أنحاء البلد,	above and 12 NGOs, as well as the International Organization for Migration (IOM).
وينبغي ألا يُتوقع منا إيثار لأحد على الآخر، بل ينبغي أن ينظر إلينا على أننا جسر عبر حوض الكاريبي.	We should not be expected to choose one over the other, but should be seen more as a bridge across the Caribbean Basin.
إن خطر الإرهاب التقليدي لا يزال يتطلب اهتمامنا الكامل وغير المجزأ.	The threat of conventional terrorism continues to require our full and undivided attention.
25- واعتمدت اللجنة، في قرارها 2000/59، نص مشروع البروتوكول الاختياري لاتفاقية حقوق الطفل المتعلق ببيع الأطفال واستغلالهم في البغاء وفي المواد الخليعة، بصيغته الواردة في المرفق باء بالقرار، وأحالته، عن طريق المجلس الاقتصادي والاجتماعي، إلى الجمعية العامة للموافقة عليه.	In its resolution 2000/59 the Commission adopted the text of the draft optional protocol to the Convention on the Rights of the Child on the sale of children, child prostitution and child pornography, as contained in annex B to the resolution, and transmitted it, through the Economic and Social Council, to the General Assembly for approval.
وقد جرى تلبية جميع الأهداف المقررة في إطار المخزون باستثناء ما تعلق بالخيم خفيفة الوزن.	All stockpile targets were met with the exception of lightweight tents.
وإذ تسلم أيضا بالحاجة المستمرة إلى ضمان الظروف المواتية لوصول صادرات البلدان التي تمر اقتصاداتها بمرحلة انتقالية إلى الأسواق، وفقا للاتفاقات التجارية المتعددة الأطراف،	Recognizing also the continuing need to ensure favourable conditions for market access of exports from countries with economies in transition, in accordance with multilateral trade agreements,
إلا أنني على ثقـة تامة بأن ذلك لن يحدث لمنظمتنا ما دمنا نقف وراء كل ما تسانده هذه المنظمة.	I am quite confident that the same will not happen to this Organization, as long as we all stand up for what it stands for.
يرجى إعطاء مزيد من التفاصيل بشأن موقف الحكومة من هذا الشاغل وتقديم أي معلومات عن التعديلات المتوخاة لزيادة استفادة المرأة من خدمات الصحة الإنجابية، وفقاً للتوصية العامة رقم 24 الصادرة عن اللجنة بشأن المادة 12 من الاتفاقية.	Please elaborate on the Government\'s position on this concern and provide any information on the amendments envisioned to improve women\'s access to reproductive health services, in accordance with the Committee\'s general recommendation 24 on article 12 of the Convention.
وحتى الآن أصدرت 41 دولة الإعلان المطلوب بموجب المادة 14 من الاتفاقية واعترفت فيه باختصاص اللجنة لقبول مراسلات من الأفراد والنظر فيها.	To date, 41 States had made the declaration under article 14 of the Convention recognizing the competence of the Committee to receive and consider communications from individuals.
4 - يتطلب تقديم الدعم الكامل لجهود الأمين العام في أمريكا الوسطى، تخصيص موارد لمواصلة الاستعانة بخدمات موظف واحد من الفئة الفنية (الرتبة ف - 4) وموظف واحد من فئة الخدمات العامة (الرتبة الأخرى).	In order to provide adequate support to the Secretary-General\'s efforts in Central America, resources would be needed for the continued engagement of the services of one Professional post (P-4 level) and one General Service post (Other level).
6 - اقتراح المكتب بشأن اجتماعات الفريق العامل الخاص المعني بجريمة العدوان	Bureau proposal for the meetings of the special working group on the crime of aggression.
23.6.00 Caroline Pare, a BBC producer, was arrested while interviewing Jonás Mukamba, one of the last people to see Lumumba alive, on whom she was preparing a report.	23.6.00 Caroline Pare, a BBC producer, was arrested while interviewing Jonás Mukamba, one of the last people to see Lumumba alive, on whom she was preparing a report.
إذ يوجد على صعيد العالم ما يناهز 1.2 مليار شخص ما زالوا لا يحصلون على مياه شرب مأمونة، و2.4 مليار شخص لا يحصلون على خدمات صرف صحي مناسبة.	Globally, more than 1.2 billion people still lack access to safe drinking water, and 2.4 billion do not have adequate sanitation services.
4) ولا ضرورة لأن تتناول المادة 29 مثل هذه الاحتمالات.	considered “injured States” under article 42, or other interested States under article 48, or whether they may be exercising specific rights to invoke responsibility under some specific rule (cf. article 55).
زاي - القضاء على الفقر	Poverty eradication
وإنني أعتبر أن هذه أنشطة أساسية مطلوبة بصورة عاجلة لدعم البعثات القائمة، ناهيك عن تنفيذ التوصيات الطموحة التي يقترحها الفريق.	I consider these to be essential activities that are urgently required to support existing missions, let alone implement the ambitious recommendations proposed by the Panel.
ويُعمل به الآن في 17 بلدا في سائر أنحاء العالم.	It is now in place in 17 countries throughout the world.
